file,line,type,commit,author,date,time,timezone,datetime,depth,length
style.css,1,css,42936c5c,Linus Lee,2025-01-25,20:12:02,-08:00,2025-01-25T20:12:02-08:00,0,6
style.css,2,css,42936c5c,Linus Lee,2025-01-25,20:12:02,-08:00,2025-01-25T20:12:02-08:00,0,18
style.css,3,css,42936c5c,Linus Lee,2025-01-25,20:12:02,-08:00,2025-01-25T20:12:02-08:00,0,0
style.css,4,css,42936c5c,Linus Lee,2025-01-25,20:12:02,-08:00,2025-01-25T20:12:02-08:00,0,0
style.css,5,css,52f95898,Linus Lee,2025-01-10,20:40:58,-08:00,2025-01-10T20:40:58-08:00,0,5
style.css,6,css,52f95898,Linus Lee,2025-01-10,20:40:58,-08:00,2025-01-10T20:40:58-08:00,0,24
style.css,7,css,bffab379,Linus Lee,2025-01-17,11:49:28,-08:00,2025-01-17T11:49:28-08:00,0,16
style.css,8,css,bffab379,Linus Lee,2025-01-17,11:49:28,-08:00,2025-01-17T11:49:28-08:00,0,43
style.css,9,css,42936c5c,Linus Lee,2025-01-25,20:12:02,-08:00,2025-01-25T20:12:02-08:00,0,0
style.css,10,css,42936c5c,Linus Lee,2025-01-25,20:12:02,-08:00,2025-01-25T20:12:02-08:00,0,0
style.css,11,css,bffab379,Linus Lee,2025-01-17,11:49:28,-08:00,2025-01-17T11:49:28-08:00,0,5
style.css,12,css,ad46b3fb,Linus Lee,2025-01-17,15:17:30,-08:00,2025-01-17T15:17:30-08:00,0,17
style.css,13,css,ad46b3fb,Linus Lee,2025-01-17,15:17:30,-08:00,2025-01-17T15:17:30-08:00,0,0
style.css,14,css,ad46b3fb,Linus Lee,2025-01-17,15:17:30,-08:00,2025-01-17T15:17:30-08:00,0,0
style.css,15,css,bffab379,Linus Lee,2025-01-17,11:49:28,-08:00,2025-01-17T11:49:28-08:00,0,4
style.css,16,css,42936c5c,Linus Lee,2025-01-25,20:12:02,-08:00,2025-01-25T20:12:02-08:00,0,40
style.css,17,css,42936c5c,Linus Lee,2025-01-25,20:12:02,-08:00,2025-01-25T20:12:02-08:00,0,40
style.css,18,css,bffab379,Linus Lee,2025-01-17,11:49:28,-08:00,2025-01-17T11:49:28-08:00,0,14
style.css,19,css,bffab379,Linus Lee,2025-01-17,11:49:28,-08:00,2025-01-17T11:49:28-08:00,0,19
style.css,20,css,bffab379,Linus Lee,2025-01-17,11:49:28,-08:00,2025-01-17T11:49:28-08:00,0,25
style.css,21,css,bffab379,Linus Lee,2025-01-17,11:49:28,-08:00,2025-01-17T11:49:28-08:00,0,27
style.css,22,css,bffab379,Linus Lee,2025-01-17,11:49:28,-08:00,2025-01-17T11:49:28-08:00,0,0
style.css,23,css,bffab379,Linus Lee,2025-01-17,11:49:28,-08:00,2025-01-17T11:49:28-08:00,0,2
style.css,24,css,bffab379,Linus Lee,2025-01-17,11:49:28,-08:00,2025-01-17T11:49:28-08:00,0,7
style.css,25,css,bffab379,Linus Lee,2025-01-17,11:49:28,-08:00,2025-01-17T11:49:28-08:00,0,21
style.css,26,css,bffab379,Linus Lee,2025-01-17,11:49:28,-08:00,2025-01-17T11:49:28-08:00,0,14
style.css,27,css,bffab379,Linus Lee,2025-01-17,11:49:28,-08:00,2025-01-17T11:49:28-08:00,0,18
style.css,28,css,bffab379,Linus Lee,2025-01-17,11:49:28,-08:00,2025-01-17T11:49:28-08:00,0,12
style.css,29,css,bffab379,Linus Lee,2025-01-17,11:49:28,-08:00,2025-01-17T11:49:28-08:00,0,0
style.css,30,css,bffab379,Linus Lee,2025-01-17,11:49:28,-08:00,2025-01-17T11:49:28-08:00,0,0
style.css,31,css,bffab379,Linus Lee,2025-01-17,11:49:28,-08:00,2025-01-17T11:49:28-08:00,0,0
style.css,32,css,bffab379,Linus Lee,2025-01-17,11:49:28,-08:00,2025-01-17T11:49:28-08:00,0,8
style.css,33,css,bffab379,Linus Lee,2025-01-17,11:49:28,-08:00,2025-01-17T11:49:28-08:00,0,26
style.css,34,css,bffab379,Linus Lee,2025-01-17,11:49:28,-08:00,2025-01-17T11:49:28-08:00,0,27
style.css,35,css,bffab379,Linus Lee,2025-01-17,11:49:28,-08:00,2025-01-17T11:49:28-08:00,0,40
style.css,36,css,bffab379,Linus Lee,2025-01-17,11:49:28,-08:00,2025-01-17T11:49:28-08:00,0,34
style.css,37,css,bffab379,Linus Lee,2025-01-17,11:49:28,-08:00,2025-01-17T11:49:28-08:00,0,21
style.css,38,css,bffab379,Linus Lee,2025-01-17,11:49:28,-08:00,2025-01-17T11:49:28-08:00,0,57
style.css,39,css,bffab379,Linus Lee,2025-01-17,11:49:28,-08:00,2025-01-17T11:49:28-08:00,0,0
style.css,40,css,bffab379,Linus Lee,2025-01-17,11:49:28,-08:00,2025-01-17T11:49:28-08:00,0,0
style.css,41,css,bffab379,Linus Lee,2025-01-17,11:49:28,-08:00,2025-01-17T11:49:28-08:00,0,10
style.css,42,css,bffab379,Linus Lee,2025-01-17,11:49:28,-08:00,2025-01-17T11:49:28-08:00,0,26
style.css,43,css,bffab379,Linus Lee,2025-01-17,11:49:28,-08:00,2025-01-17T11:49:28-08:00,0,27
style.css,44,css,42936c5c,Linus Lee,2025-01-25,20:12:02,-08:00,2025-01-25T20:12:02-08:00,0,40
style.css,45,css,bffab379,Linus Lee,2025-01-17,11:49:28,-08:00,2025-01-17T11:49:28-08:00,0,21
style.css,46,css,bffab379,Linus Lee,2025-01-17,11:49:28,-08:00,2025-01-17T11:49:28-08:00,0,0
style.css,47,css,bffab379,Linus Lee,2025-01-17,11:49:28,-08:00,2025-01-17T11:49:28-08:00,0,0
style.css,48,css,bffab379,Linus Lee,2025-01-17,11:49:28,-08:00,2025-01-17T11:49:28-08:00,0,5
style.css,49,css,bffab379,Linus Lee,2025-01-17,11:49:28,-08:00,2025-01-17T11:49:28-08:00,0,13
style.css,50,css,bffab379,Linus Lee,2025-01-17,11:49:28,-08:00,2025-01-17T11:49:28-08:00,0,31
style.css,51,css,bffab379,Linus Lee,2025-01-17,11:49:28,-08:00,2025-01-17T11:49:28-08:00,0,8
style.css,52,css,ad46b3fb,Linus Lee,2025-01-17,15:17:30,-08:00,2025-01-17T15:17:30-08:00,0,17
style.css,53,css,bffab379,Linus Lee,2025-01-17,11:49:28,-08:00,2025-01-17T11:49:28-08:00,0,8
style.css,54,css,bffab379,Linus Lee,2025-01-17,11:49:28,-08:00,2025-01-17T11:49:28-08:00,0,0
style.css,55,css,bffab379,Linus Lee,2025-01-17,11:49:28,-08:00,2025-01-17T11:49:28-08:00,0,0
style.css,56,css,bffab379,Linus Lee,2025-01-17,11:49:28,-08:00,2025-01-17T11:49:28-08:00,0,6
style.css,57,css,bffab379,Linus Lee,2025-01-17,11:49:28,-08:00,2025-01-17T11:49:28-08:00,0,14
style.css,58,css,bffab379,Linus Lee,2025-01-17,11:49:28,-08:00,2025-01-17T11:49:28-08:00,0,0
style.css,59,css,bffab379,Linus Lee,2025-01-17,11:49:28,-08:00,2025-01-17T11:49:28-08:00,0,0
style.css,60,css,bffab379,Linus Lee,2025-01-17,11:49:28,-08:00,2025-01-17T11:49:28-08:00,0,7
style.css,61,css,bffab379,Linus Lee,2025-01-17,11:49:28,-08:00,2025-01-17T11:49:28-08:00,0,14
style.css,62,css,bffab379,Linus Lee,2025-01-17,11:49:28,-08:00,2025-01-17T11:49:28-08:00,0,11
style.css,63,css,bffab379,Linus Lee,2025-01-17,11:49:28,-08:00,2025-01-17T11:49:28-08:00,0,13
style.css,64,css,bffab379,Linus Lee,2025-01-17,11:49:28,-08:00,2025-01-17T11:49:28-08:00,0,35
style.css,65,css,bffab379,Linus Lee,2025-01-17,11:49:28,-08:00,2025-01-17T11:49:28-08:00,0,15
style.css,66,css,bffab379,Linus Lee,2025-01-17,11:49:28,-08:00,2025-01-17T11:49:28-08:00,0,22
style.css,67,css,bffab379,Linus Lee,2025-01-17,11:49:28,-08:00,2025-01-17T11:49:28-08:00,0,0
style.css,68,css,bffab379,Linus Lee,2025-01-17,11:49:28,-08:00,2025-01-17T11:49:28-08:00,0,0
style.css,69,css,bffab379,Linus Lee,2025-01-17,11:49:28,-08:00,2025-01-17T11:49:28-08:00,0,10
style.css,70,css,bffab379,Linus Lee,2025-01-17,11:49:28,-08:00,2025-01-17T11:49:28-08:00,0,13
style.css,71,css,bffab379,Linus Lee,2025-01-17,11:49:28,-08:00,2025-01-17T11:49:28-08:00,0,59
style.css,72,css,bffab379,Linus Lee,2025-01-17,11:49:28,-08:00,2025-01-17T11:49:28-08:00,0,8
style.css,73,css,bffab379,Linus Lee,2025-01-17,11:49:28,-08:00,2025-01-17T11:49:28-08:00,0,0
style.css,74,css,bffab379,Linus Lee,2025-01-17,11:49:28,-08:00,2025-01-17T11:49:28-08:00,0,0
style.css,75,css,bffab379,Linus Lee,2025-01-17,11:49:28,-08:00,2025-01-17T11:49:28-08:00,0,18
style.css,76,css,bffab379,Linus Lee,2025-01-17,11:49:28,-08:00,2025-01-17T11:49:28-08:00,0,13
style.css,77,css,bffab379,Linus Lee,2025-01-17,11:49:28,-08:00,2025-01-17T11:49:28-08:00,0,27
style.css,78,css,bffab379,Linus Lee,2025-01-17,11:49:28,-08:00,2025-01-17T11:49:28-08:00,0,16
style.css,79,css,bffab379,Linus Lee,2025-01-17,11:49:28,-08:00,2025-01-17T11:49:28-08:00,0,8
style.css,80,css,2467ac57,Linus Lee,2025-02-01,14:46:38,-08:00,2025-02-01T14:46:38-08:00,0,0
style.css,81,css,bffab379,Linus Lee,2025-01-17,11:49:28,-08:00,2025-01-17T11:49:28-08:00,0,0
style.css,82,css,bffab379,Linus Lee,2025-01-17,11:49:28,-08:00,2025-01-17T11:49:28-08:00,0,0
style.css,83,css,bffab379,Linus Lee,2025-01-17,11:49:28,-08:00,2025-01-17T11:49:28-08:00,0,0
style.css,84,css,bffab379,Linus Lee,2025-01-17,11:49:28,-08:00,2025-01-17T11:49:28-08:00,0,13
style.css,85,css,2467ac57,Linus Lee,2025-02-01,14:46:38,-08:00,2025-02-01T14:46:38-08:00,0,9
style.css,86,css,2467ac57,Linus Lee,2025-02-01,14:46:38,-08:00,2025-02-01T14:46:38-08:00,0,0
style.css,87,css,2467ac57,Linus Lee,2025-02-01,14:46:38,-08:00,2025-02-01T14:46:38-08:00,0,0
style.css,88,css,2467ac57,Linus Lee,2025-02-01,14:46:38,-08:00,2025-02-01T14:46:38-08:00,0,14
style.css,89,css,2467ac57,Linus Lee,2025-02-01,14:46:38,-08:00,2025-02-01T14:46:38-08:00,0,19
style.css,90,css,bffab379,Linus Lee,2025-01-17,11:49:28,-08:00,2025-01-17T11:49:28-08:00,0,0
style.css,91,css,ad46b3fb,Linus Lee,2025-01-17,15:17:30,-08:00,2025-01-17T15:17:30-08:00,0,0
style.css,92,css,ad46b3fb,Linus Lee,2025-01-17,15:17:30,-08:00,2025-01-17T15:17:30-08:00,0,23
style.css,93,css,ad46b3fb,Linus Lee,2025-01-17,15:17:30,-08:00,2025-01-17T15:17:30-08:00,0,16
style.css,94,css,ad46b3fb,Linus Lee,2025-01-17,15:17:30,-08:00,2025-01-17T15:17:30-08:00,0,0
style.css,95,css,42936c5c,Linus Lee,2025-01-25,20:12:02,-08:00,2025-01-25T20:12:02-08:00,0,0
style.css,96,css,42936c5c,Linus Lee,2025-01-25,20:12:02,-08:00,2025-01-25T20:12:02-08:00,0,4
style.css,97,css,42936c5c,Linus Lee,2025-01-25,20:12:02,-08:00,2025-01-25T20:12:02-08:00,0,14
style.css,98,css,42936c5c,Linus Lee,2025-01-25,20:12:02,-08:00,2025-01-25T20:12:02-08:00,0,19
style.css,99,css,42936c5c,Linus Lee,2025-01-25,20:12:02,-08:00,2025-01-25T20:12:02-08:00,0,25
style.css,100,css,42936c5c,Linus Lee,2025-01-25,20:12:02,-08:00,2025-01-25T20:12:02-08:00,0,27
style.css,101,css,42936c5c,Linus Lee,2025-01-25,20:12:02,-08:00,2025-01-25T20:12:02-08:00,0,40
style.css,102,css,42936c5c,Linus Lee,2025-01-25,20:12:02,-08:00,2025-01-25T20:12:02-08:00,0,0
style.css,103,css,42936c5c,Linus Lee,2025-01-25,20:12:02,-08:00,2025-01-25T20:12:02-08:00,0,0
style.css,104,css,42936c5c,Linus Lee,2025-01-25,20:12:02,-08:00,2025-01-25T20:12:02-08:00,0,14
style.css,105,css,42936c5c,Linus Lee,2025-01-25,20:12:02,-08:00,2025-01-25T20:12:02-08:00,0,7
style.css,106,css,42936c5c,Linus Lee,2025-01-25,20:12:02,-08:00,2025-01-25T20:12:02-08:00,0,21
style.css,107,css,42936c5c,Linus Lee,2025-01-25,20:12:02,-08:00,2025-01-25T20:12:02-08:00,0,14
style.css,108,css,42936c5c,Linus Lee,2025-01-25,20:12:02,-08:00,2025-01-25T20:12:02-08:00,0,18
style.css,109,css,42936c5c,Linus Lee,2025-01-25,20:12:02,-08:00,2025-01-25T20:12:02-08:00,0,12
style.css,110,css,42936c5c,Linus Lee,2025-01-25,20:12:02,-08:00,2025-01-25T20:12:02-08:00,0,0
style.css,111,css,42936c5c,Linus Lee,2025-01-25,20:12:02,-08:00,2025-01-25T20:12:02-08:00,0,0
style.css,112,css,42936c5c,Linus Lee,2025-01-25,20:12:02,-08:00,2025-01-25T20:12:02-08:00,0,0
style.css,113,css,42936c5c,Linus Lee,2025-01-25,20:12:02,-08:00,2025-01-25T20:12:02-08:00,0,8
style.css,114,css,42936c5c,Linus Lee,2025-01-25,20:12:02,-08:00,2025-01-25T20:12:02-08:00,0,26
style.css,115,css,42936c5c,Linus Lee,2025-01-25,20:12:02,-08:00,2025-01-25T20:12:02-08:00,0,27
style.css,116,css,42936c5c,Linus Lee,2025-01-25,20:12:02,-08:00,2025-01-25T20:12:02-08:00,0,40
style.css,117,css,42936c5c,Linus Lee,2025-01-25,20:12:02,-08:00,2025-01-25T20:12:02-08:00,0,34
style.css,118,css,42936c5c,Linus Lee,2025-01-25,20:12:02,-08:00,2025-01-25T20:12:02-08:00,0,21
style.css,119,css,42936c5c,Linus Lee,2025-01-25,20:12:02,-08:00,2025-01-25T20:12:02-08:00,0,70
style.css,120,css,42936c5c,Linus Lee,2025-01-25,20:12:02,-08:00,2025-01-25T20:12:02-08:00,0,0
style.css,121,css,42936c5c,Linus Lee,2025-01-25,20:12:02,-08:00,2025-01-25T20:12:02-08:00,0,0
style.css,122,css,42936c5c,Linus Lee,2025-01-25,20:12:02,-08:00,2025-01-25T20:12:02-08:00,0,10
style.css,123,css,42936c5c,Linus Lee,2025-01-25,20:12:02,-08:00,2025-01-25T20:12:02-08:00,0,26
style.css,124,css,42936c5c,Linus Lee,2025-01-25,20:12:02,-08:00,2025-01-25T20:12:02-08:00,0,27
style.css,125,css,42936c5c,Linus Lee,2025-01-25,20:12:02,-08:00,2025-01-25T20:12:02-08:00,0,40
style.css,126,css,42936c5c,Linus Lee,2025-01-25,20:12:02,-08:00,2025-01-25T20:12:02-08:00,0,21
style.css,127,css,42936c5c,Linus Lee,2025-01-25,20:12:02,-08:00,2025-01-25T20:12:02-08:00,0,0
style.css,128,css,42936c5c,Linus Lee,2025-01-25,20:12:02,-08:00,2025-01-25T20:12:02-08:00,0,0
style.css,129,css,42936c5c,Linus Lee,2025-01-25,20:12:02,-08:00,2025-01-25T20:12:02-08:00,0,15
style.css,130,css,42936c5c,Linus Lee,2025-01-25,20:12:02,-08:00,2025-01-25T20:12:02-08:00,0,16
style.css,131,css,42936c5c,Linus Lee,2025-01-25,20:12:02,-08:00,2025-01-25T20:12:02-08:00,0,19
style.css,132,css,42936c5c,Linus Lee,2025-01-25,20:12:02,-08:00,2025-01-25T20:12:02-08:00,0,0
style.css,133,css,42936c5c,Linus Lee,2025-01-25,20:12:02,-08:00,2025-01-25T20:12:02-08:00,0,0
style.css,134,css,42936c5c,Linus Lee,2025-01-25,20:12:02,-08:00,2025-01-25T20:12:02-08:00,0,11
style.css,135,css,42936c5c,Linus Lee,2025-01-25,20:12:02,-08:00,2025-01-25T20:12:02-08:00,0,17
style.css,136,css,42936c5c,Linus Lee,2025-01-25,20:12:02,-08:00,2025-01-25T20:12:02-08:00,0,16
style.css,137,css,42936c5c,Linus Lee,2025-01-25,20:12:02,-08:00,2025-01-25T20:12:02-08:00,0,19
style.css,138,css,42936c5c,Linus Lee,2025-01-25,20:12:02,-08:00,2025-01-25T20:12:02-08:00,0,16
style.css,139,css,42936c5c,Linus Lee,2025-01-25,20:12:02,-08:00,2025-01-25T20:12:02-08:00,0,0
style.css,140,css,42936c5c,Linus Lee,2025-01-25,20:12:02,-08:00,2025-01-25T20:12:02-08:00,0,0
style.css,141,css,42936c5c,Linus Lee,2025-01-25,20:12:02,-08:00,2025-01-25T20:12:02-08:00,0,28
style.css,142,css,42936c5c,Linus Lee,2025-01-25,20:12:02,-08:00,2025-01-25T20:12:02-08:00,0,18
style.css,143,css,42936c5c,Linus Lee,2025-01-25,20:12:02,-08:00,2025-01-25T20:12:02-08:00,0,14
style.css,144,css,42936c5c,Linus Lee,2025-01-25,20:12:02,-08:00,2025-01-25T20:12:02-08:00,0,9
style.css,145,css,42936c5c,Linus Lee,2025-01-25,20:12:02,-08:00,2025-01-25T20:12:02-08:00,0,11
style.css,146,css,42936c5c,Linus Lee,2025-01-25,20:12:02,-08:00,2025-01-25T20:12:02-08:00,0,17
style.css,147,css,42936c5c,Linus Lee,2025-01-25,20:12:02,-08:00,2025-01-25T20:12:02-08:00,0,18
style.css,148,css,42936c5c,Linus Lee,2025-01-25,20:12:02,-08:00,2025-01-25T20:12:02-08:00,0,0
style.css,149,css,f880f149,Linus Lee,2025-02-07,22:03:30,-08:00,2025-02-07T22:03:30-08:00,0,25
style.css,150,css,f880f149,Linus Lee,2025-02-07,22:03:30,-08:00,2025-02-07T22:03:30-08:00,0,14
style.css,151,css,f880f149,Linus Lee,2025-02-07,22:03:30,-08:00,2025-02-07T22:03:30-08:00,0,35
style.css,152,css,f880f149,Linus Lee,2025-02-07,22:03:30,-08:00,2025-02-07T22:03:30-08:00,0,0
style.css,153,css,f880f149,Linus Lee,2025-02-07,22:03:30,-08:00,2025-02-07T22:03:30-08:00,0,0
style.css,154,css,f880f149,Linus Lee,2025-02-07,22:03:30,-08:00,2025-02-07T22:03:30-08:00,0,19
style.css,155,css,f880f149,Linus Lee,2025-02-07,22:03:30,-08:00,2025-02-07T22:03:30-08:00,0,15
style.css,156,css,f880f149,Linus Lee,2025-02-07,22:03:30,-08:00,2025-02-07T22:03:30-08:00,0,17
style.css,157,css,f880f149,Linus Lee,2025-02-07,22:03:30,-08:00,2025-02-07T22:03:30-08:00,0,0
style.css,158,css,f880f149,Linus Lee,2025-02-07,22:03:30,-08:00,2025-02-07T22:03:30-08:00,0,17
style.css,159,css,f880f149,Linus Lee,2025-02-07,22:03:30,-08:00,2025-02-07T22:03:30-08:00,0,0
style.css,160,css,f880f149,Linus Lee,2025-02-07,22:03:30,-08:00,2025-02-07T22:03:30-08:00,0,0
style.css,161,css,f880f149,Linus Lee,2025-02-07,22:03:30,-08:00,2025-02-07T22:03:30-08:00,0,8
style.css,162,css,f880f149,Linus Lee,2025-02-07,22:03:30,-08:00,2025-02-07T22:03:30-08:00,0,7
style.css,163,css,f880f149,Linus Lee,2025-02-07,22:03:30,-08:00,2025-02-07T22:03:30-08:00,0,13
style.css,164,css,f880f149,Linus Lee,2025-02-07,22:03:30,-08:00,2025-02-07T22:03:30-08:00,0,58
style.css,165,css,f880f149,Linus Lee,2025-02-07,22:03:30,-08:00,2025-02-07T22:03:30-08:00,0,8
style.css,166,css,f880f149,Linus Lee,2025-02-07,22:03:30,-08:00,2025-02-07T22:03:30-08:00,0,12
style.css,167,css,f880f149,Linus Lee,2025-02-07,22:03:30,-08:00,2025-02-07T22:03:30-08:00,0,30
style.css,168,css,f880f149,Linus Lee,2025-02-07,22:03:30,-08:00,2025-02-07T22:03:30-08:00,0,16
style.css,169,css,f880f149,Linus Lee,2025-02-07,22:03:30,-08:00,2025-02-07T22:03:30-08:00,0,0
style.css,170,css,f880f149,Linus Lee,2025-02-07,22:03:30,-08:00,2025-02-07T22:03:30-08:00,0,0
style.css,171,css,f880f149,Linus Lee,2025-02-07,22:03:30,-08:00,2025-02-07T22:03:30-08:00,0,13
style.css,172,css,f880f149,Linus Lee,2025-02-07,22:03:30,-08:00,2025-02-07T22:03:30-08:00,0,13
style.css,173,css,f880f149,Linus Lee,2025-02-07,22:03:30,-08:00,2025-02-07T22:03:30-08:00,0,18
style.css,174,css,f880f149,Linus Lee,2025-02-07,22:03:30,-08:00,2025-02-07T22:03:30-08:00,0,8
style.css,175,css,f880f149,Linus Lee,2025-02-07,22:03:30,-08:00,2025-02-07T22:03:30-08:00,0,0
style.css,176,css,f880f149,Linus Lee,2025-02-07,22:03:30,-08:00,2025-02-07T22:03:30-08:00,0,0
style.css,177,css,f880f149,Linus Lee,2025-02-07,22:03:30,-08:00,2025-02-07T22:03:30-08:00,0,8
style.css,178,css,f880f149,Linus Lee,2025-02-07,22:03:30,-08:00,2025-02-07T22:03:30-08:00,0,21
style.css,179,css,f880f149,Linus Lee,2025-02-07,22:03:30,-08:00,2025-02-07T22:03:30-08:00,0,10
style.css,180,css,f880f149,Linus Lee,2025-02-07,22:03:30,-08:00,2025-02-07T22:03:30-08:00,0,11
style.css,181,css,f880f149,Linus Lee,2025-02-07,22:03:30,-08:00,2025-02-07T22:03:30-08:00,0,30
style.css,182,css,f880f149,Linus Lee,2025-02-07,22:03:30,-08:00,2025-02-07T22:03:30-08:00,0,18
style.css,183,css,f880f149,Linus Lee,2025-02-07,22:03:30,-08:00,2025-02-07T22:03:30-08:00,0,19
style.css,184,css,f880f149,Linus Lee,2025-02-07,22:03:30,-08:00,2025-02-07T22:03:30-08:00,0,0
style.css,185,css,f880f149,Linus Lee,2025-02-07,22:03:30,-08:00,2025-02-07T22:03:30-08:00,0,0
style.css,186,css,f880f149,Linus Lee,2025-02-07,22:03:30,-08:00,2025-02-07T22:03:30-08:00,0,8
style.css,187,css,f880f149,Linus Lee,2025-02-07,22:03:30,-08:00,2025-02-07T22:03:30-08:00,0,13
style.css,188,css,f880f149,Linus Lee,2025-02-07,22:03:30,-08:00,2025-02-07T22:03:30-08:00,0,18
style.css,189,css,f880f149,Linus Lee,2025-02-07,22:03:30,-08:00,2025-02-07T22:03:30-08:00,0,8
style.css,190,css,f880f149,Linus Lee,2025-02-07,22:03:30,-08:00,2025-02-07T22:03:30-08:00,0,13
style.css,191,css,f880f149,Linus Lee,2025-02-07,22:03:30,-08:00,2025-02-07T22:03:30-08:00,0,0
style.css,192,css,f880f149,Linus Lee,2025-02-07,22:03:30,-08:00,2025-02-07T22:03:30-08:00,0,0
style.css,193,css,f880f149,Linus Lee,2025-02-07,22:03:30,-08:00,2025-02-07T22:03:30-08:00,0,11
style.css,194,css,f880f149,Linus Lee,2025-02-07,22:03:30,-08:00,2025-02-07T22:03:30-08:00,0,14
style.css,195,css,f880f149,Linus Lee,2025-02-07,22:03:30,-08:00,2025-02-07T22:03:30-08:00,0,11
style.css,196,css,f880f149,Linus Lee,2025-02-07,22:03:30,-08:00,2025-02-07T22:03:30-08:00,0,15
style.css,197,css,f880f149,Linus Lee,2025-02-07,22:03:30,-08:00,2025-02-07T22:03:30-08:00,0,14
style.css,198,css,f880f149,Linus Lee,2025-02-07,22:03:30,-08:00,2025-02-07T22:03:30-08:00,0,13
style.css,199,css,f880f149,Linus Lee,2025-02-07,22:03:30,-08:00,2025-02-07T22:03:30-08:00,0,13
style.css,200,css,f880f149,Linus Lee,2025-02-07,22:03:30,-08:00,2025-02-07T22:03:30-08:00,0,30
style.css,201,css,f880f149,Linus Lee,2025-02-07,22:03:30,-08:00,2025-02-07T22:03:30-08:00,0,21
style.css,202,css,f880f149,Linus Lee,2025-02-07,22:03:30,-08:00,2025-02-07T22:03:30-08:00,0,0
style.css,203,css,f880f149,Linus Lee,2025-02-07,22:03:30,-08:00,2025-02-07T22:03:30-08:00,0,0
style.css,204,css,f880f149,Linus Lee,2025-02-07,22:03:30,-08:00,2025-02-07T22:03:30-08:00,0,18
style.css,205,css,f880f149,Linus Lee,2025-02-07,22:03:30,-08:00,2025-02-07T22:03:30-08:00,0,17
style.css,206,css,f880f149,Linus Lee,2025-02-07,22:03:30,-08:00,2025-02-07T22:03:30-08:00,0,12
style.css,207,css,f880f149,Linus Lee,2025-02-07,22:03:30,-08:00,2025-02-07T22:03:30-08:00,0,0
style.css,208,css,f880f149,Linus Lee,2025-02-07,22:03:30,-08:00,2025-02-07T22:03:30-08:00,0,0
style.css,209,css,f880f149,Linus Lee,2025-02-07,22:03:30,-08:00,2025-02-07T22:03:30-08:00,0,0
style.css,210,css,f880f149,Linus Lee,2025-02-07,22:03:30,-08:00,2025-02-07T22:03:30-08:00,0,5
style.css,211,css,f880f149,Linus Lee,2025-02-07,22:03:30,-08:00,2025-02-07T22:03:30-08:00,0,17
style.css,212,css,f880f149,Linus Lee,2025-02-07,22:03:30,-08:00,2025-02-07T22:03:30-08:00,0,0
style.css,213,css,f880f149,Linus Lee,2025-02-07,22:03:30,-08:00,2025-02-07T22:03:30-08:00,0,0
style.css,214,css,f880f149,Linus Lee,2025-02-07,22:03:30,-08:00,2025-02-07T22:03:30-08:00,0,10
style.css,215,css,f880f149,Linus Lee,2025-02-07,22:03:30,-08:00,2025-02-07T22:03:30-08:00,0,36
style.css,216,css,f880f149,Linus Lee,2025-02-07,22:03:30,-08:00,2025-02-07T22:03:30-08:00,0,0
style.css,217,css,f880f149,Linus Lee,2025-02-07,22:03:30,-08:00,2025-02-07T22:03:30-08:00,0,11
style.css,218,css,f880f149,Linus Lee,2025-02-07,22:03:30,-08:00,2025-02-07T22:03:30-08:00,0,18
style.css,219,css,f880f149,Linus Lee,2025-02-07,22:03:30,-08:00,2025-02-07T22:03:30-08:00,0,0
style.css,220,css,f880f149,Linus Lee,2025-02-07,22:03:30,-08:00,2025-02-07T22:03:30-08:00,0,0
style.css,221,css,42936c5c,Linus Lee,2025-01-25,20:12:02,-08:00,2025-01-25T20:12:02-08:00,0,0
index.js,1,js,5c1eb04e,Linus Lee,2025-02-01,16:16:20,-08:00,2025-02-01T16:16:20-08:00,0,71
index.js,2,js,2467ac57,Linus Lee,2025-02-01,14:46:38,-08:00,2025-02-01T14:46:38-08:00,0,0
index.js,3,js,2467ac57,Linus Lee,2025-02-01,14:46:38,-08:00,2025-02-01T14:46:38-08:00,0,55
index.js,4,js,2467ac57,Linus Lee,2025-02-01,14:46:38,-08:00,2025-02-01T14:46:38-08:00,0,43
index.js,5,js,2467ac57,Linus Lee,2025-02-01,14:46:38,-08:00,2025-02-01T14:46:38-08:00,0,61
index.js,6,js,2467ac57,Linus Lee,2025-02-01,14:46:38,-08:00,2025-02-01T14:46:38-08:00,0,61
index.js,7,js,2467ac57,Linus Lee,2025-02-01,14:46:38,-08:00,2025-02-01T14:46:38-08:00,0,0
index.js,8,js,a1d6763d,Linus Lee,2025-02-01,17:06:01,-08:00,2025-02-01T17:06:01-08:00,0,0
index.js,9,js,2467ac57,Linus Lee,2025-02-01,14:46:38,-08:00,2025-02-01T14:46:38-08:00,0,0
index.js,10,js,2467ac57,Linus Lee,2025-02-01,14:46:38,-08:00,2025-02-01T14:46:38-08:00,0,49
index.js,11,js,2467ac57,Linus Lee,2025-02-01,14:46:38,-08:00,2025-02-01T14:46:38-08:00,0,32
index.js,12,js,2467ac57,Linus Lee,2025-02-01,14:46:38,-08:00,2025-02-01T14:46:38-08:00,0,0
index.js,13,js,2467ac57,Linus Lee,2025-02-01,14:46:38,-08:00,2025-02-01T14:46:38-08:00,0,34
index.js,14,js,2467ac57,Linus Lee,2025-02-01,14:46:38,-08:00,2025-02-01T14:46:38-08:00,0,49
index.js,15,js,2467ac57,Linus Lee,2025-02-01,14:46:38,-08:00,2025-02-01T14:46:38-08:00,0,38
index.js,16,js,2467ac57,Linus Lee,2025-02-01,14:46:38,-08:00,2025-02-01T14:46:38-08:00,0,38
index.js,17,js,2467ac57,Linus Lee,2025-02-01,14:46:38,-08:00,2025-02-01T14:46:38-08:00,0,2
index.js,18,js,2467ac57,Linus Lee,2025-02-01,14:46:38,-08:00,2025-02-01T14:46:38-08:00,0,0
index.js,19,js,2467ac57,Linus Lee,2025-02-01,14:46:38,-08:00,2025-02-01T14:46:38-08:00,0,0
index.js,20,js,2467ac57,Linus Lee,2025-02-01,14:46:38,-08:00,2025-02-01T14:46:38-08:00,0,55
index.js,21,js,2467ac57,Linus Lee,2025-02-01,14:46:38,-08:00,2025-02-01T14:46:38-08:00,0,0
index.js,22,js,2467ac57,Linus Lee,2025-02-01,14:46:38,-08:00,2025-02-01T14:46:38-08:00,0,18
index.js,23,js,2467ac57,Linus Lee,2025-02-01,14:46:38,-08:00,2025-02-01T14:46:38-08:00,0,25
index.js,24,js,2467ac57,Linus Lee,2025-02-01,14:46:38,-08:00,2025-02-01T14:46:38-08:00,0,3
index.js,25,js,2467ac57,Linus Lee,2025-02-01,14:46:38,-08:00,2025-02-01T14:46:38-08:00,0,56
index.js,26,js,2467ac57,Linus Lee,2025-02-01,14:46:38,-08:00,2025-02-01T14:46:38-08:00,0,56
index.js,27,js,2467ac57,Linus Lee,2025-02-01,14:46:38,-08:00,2025-02-01T14:46:38-08:00,0,50
index.js,28,js,2467ac57,Linus Lee,2025-02-01,14:46:38,-08:00,2025-02-01T14:46:38-08:00,0,50
index.js,29,js,2467ac57,Linus Lee,2025-02-01,14:46:38,-08:00,2025-02-01T14:46:38-08:00,0,4
index.js,30,js,2467ac57,Linus Lee,2025-02-01,14:46:38,-08:00,2025-02-01T14:46:38-08:00,0,1
index.js,31,js,3aed7fb4,Linus Lee,2025-02-01,16:37:47,-08:00,2025-02-01T16:37:47-08:00,0,0
index.js,32,js,3aed7fb4,Linus Lee,2025-02-01,16:37:47,-08:00,2025-02-01T16:37:47-08:00,0,0
index.js,33,js,3aed7fb4,Linus Lee,2025-02-01,16:37:47,-08:00,2025-02-01T16:37:47-08:00,0,0
index.html,1,html,434a9790,Linus Lee,2025-01-10,13:27:33,-08:00,2025-01-10T13:27:33-08:00,0,14
index.html,2,html,42936c5c,Linus Lee,2025-01-25,20:12:02,-08:00,2025-01-25T20:12:02-08:00,0,40
index.html,3,html,434a9790,Linus Lee,2025-01-10,13:27:33,-08:00,2025-01-10T13:27:33-08:00,0,5
index.html,4,html,434a9790,Linus Lee,2025-01-10,13:27:33,-08:00,2025-01-10T13:27:33-08:00,0,21
index.html,5,html,434a9790,Linus Lee,2025-01-10,13:27:33,-08:00,2025-01-10T13:27:33-08:00,0,69
index.html,6,html,434a9790,Linus Lee,2025-01-10,13:27:33,-08:00,2025-01-10T13:27:33-08:00,0,52
index.html,7,html,842bdba7,Linus Lee,2025-01-10,20:27:08,-08:00,2025-01-10T20:27:08-08:00,0,39
index.html,8,html,434a9790,Linus Lee,2025-01-10,13:27:33,-08:00,2025-01-10T13:27:33-08:00,0,6
index.html,9,html,bffab379,Linus Lee,2025-01-17,11:49:28,-08:00,2025-01-17T11:49:28-08:00,0,46
index.html,10,html,42936c5c,Linus Lee,2025-01-25,20:12:02,-08:00,2025-01-25T20:12:02-08:00,0,0
index.html,11,html,c66243f2,Linus Lee,2025-01-10,20:48:20,-08:00,2025-01-10T20:48:20-08:00,0,17
index.html,12,html,e180102f,Linus Lee,2025-01-10,22:02:42,-08:00,2025-01-10T22:02:42-08:00,0,2
index.html,13,html,e180102f,Linus Lee,2025-01-10,22:02:42,-08:00,2025-01-10T22:02:42-08:00,0,72
index.html,14,html,bffab379,Linus Lee,2025-01-17,11:49:28,-08:00,2025-01-17T11:49:28-08:00,0,62
index.html,15,html,bffab379,Linus Lee,2025-01-17,11:49:28,-08:00,2025-01-17T11:49:28-08:00,0,72
index.html,16,html,e180102f,Linus Lee,2025-01-10,22:02:42,-08:00,2025-01-10T22:02:42-08:00,0,3
index.html,17,html,c66243f2,Linus Lee,2025-01-10,20:48:20,-08:00,2025-01-10T20:48:20-08:00,0,76
index.html,18,html,2467ac57,Linus Lee,2025-02-01,14:46:38,-08:00,2025-02-01T14:46:38-08:00,0,0
index.html,19,html,2467ac57,Linus Lee,2025-02-01,14:46:38,-08:00,2025-02-01T14:46:38-08:00,0,20
index.html,20,html,2467ac57,Linus Lee,2025-02-01,14:46:38,-08:00,2025-02-01T14:46:38-08:00,0,29
index.html,21,html,2467ac57,Linus Lee,2025-02-01,14:46:38,-08:00,2025-02-01T14:46:38-08:00,0,0
index.html,22,html,2467ac57,Linus Lee,2025-02-01,14:46:38,-08:00,2025-02-01T14:46:38-08:00,0,23
index.html,23,html,2467ac57,Linus Lee,2025-02-01,14:46:38,-08:00,2025-02-01T14:46:38-08:00,0,27
index.html,24,html,2467ac57,Linus Lee,2025-02-01,14:46:38,-08:00,2025-02-01T14:46:38-08:00,0,0
index.html,25,html,2467ac57,Linus Lee,2025-02-01,14:46:38,-08:00,2025-02-01T14:46:38-08:00,0,46
index.html,26,html,2467ac57,Linus Lee,2025-02-01,14:46:38,-08:00,2025-02-01T14:46:38-08:00,0,51
index.html,27,html,2467ac57,Linus Lee,2025-02-01,14:46:38,-08:00,2025-02-01T14:46:38-08:00,0,0
index.html,28,html,434a9790,Linus Lee,2025-01-10,13:27:33,-08:00,2025-01-10T13:27:33-08:00,0,6
index.html,29,html,434a9790,Linus Lee,2025-01-10,13:27:33,-08:00,2025-01-10T13:27:33-08:00,0,6
global.js,1,js,42936c5c,Linus Lee,2025-01-25,20:12:02,-08:00,2025-01-25T20:12:02-08:00,0,26
global.js,2,js,42936c5c,Linus Lee,2025-01-25,20:12:02,-08:00,2025-01-25T20:12:02-08:00,0,0
global.js,3,js,42936c5c,Linus Lee,2025-01-25,20:12:02,-08:00,2025-01-25T20:12:02-08:00,0,42
global.js,4,js,42936c5c,Linus Lee,2025-01-25,20:12:02,-08:00,2025-01-25T20:12:02-08:00,0,53
global.js,5,js,42936c5c,Linus Lee,2025-01-25,20:12:02,-08:00,2025-01-25T20:12:02-08:00,0,0
global.js,6,js,42936c5c,Linus Lee,2025-01-25,20:12:02,-08:00,2025-01-25T20:12:02-08:00,0,0
global.js,7,js,42936c5c,Linus Lee,2025-01-25,20:12:02,-08:00,2025-01-25T20:12:02-08:00,0,0
global.js,8,js,2467ac57,Linus Lee,2025-02-01,14:46:38,-08:00,2025-02-01T14:46:38-08:00,0,37
global.js,9,js,2467ac57,Linus Lee,2025-02-01,14:46:38,-08:00,2025-02-01T14:46:38-08:00,0,4
global.js,10,js,2467ac57,Linus Lee,2025-02-01,14:46:38,-08:00,2025-02-01T14:46:38-08:00,0,39
global.js,11,js,2467ac57,Linus Lee,2025-02-01,14:46:38,-08:00,2025-02-01T14:46:38-08:00,0,33
global.js,12,js,2467ac57,Linus Lee,2025-02-01,14:46:38,-08:00,2025-02-01T14:46:38-08:00,0,0
global.js,13,js,2467ac57,Linus Lee,2025-02-01,14:46:38,-08:00,2025-02-01T14:46:38-08:00,0,18
global.js,14,js,2467ac57,Linus Lee,2025-02-01,14:46:38,-08:00,2025-02-01T14:46:38-08:00,0,67
global.js,15,js,2467ac57,Linus Lee,2025-02-01,14:46:38,-08:00,2025-02-01T14:46:38-08:00,0,0
global.js,16,js,2467ac57,Linus Lee,2025-02-01,14:46:38,-08:00,2025-02-01T14:46:38-08:00,0,0
global.js,17,js,2467ac57,Linus Lee,2025-02-01,14:46:38,-08:00,2025-02-01T14:46:38-08:00,0,20
global.js,18,js,2467ac57,Linus Lee,2025-02-01,14:46:38,-08:00,2025-02-01T14:46:38-08:00,0,34
global.js,19,js,2467ac57,Linus Lee,2025-02-01,14:46:38,-08:00,2025-02-01T14:46:38-08:00,0,0
global.js,20,js,2467ac57,Linus Lee,2025-02-01,14:46:38,-08:00,2025-02-01T14:46:38-08:00,0,17
global.js,21,js,2467ac57,Linus Lee,2025-02-01,14:46:38,-08:00,2025-02-01T14:46:38-08:00,0,11
global.js,22,js,2467ac57,Linus Lee,2025-02-01,14:46:38,-08:00,2025-02-01T14:46:38-08:00,0,0
global.js,23,js,2467ac57,Linus Lee,2025-02-01,14:46:38,-08:00,2025-02-01T14:46:38-08:00,0,16
global.js,24,js,2467ac57,Linus Lee,2025-02-01,14:46:38,-08:00,2025-02-01T14:46:38-08:00,0,60
global.js,25,js,2467ac57,Linus Lee,2025-02-01,14:46:38,-08:00,2025-02-01T14:46:38-08:00,0,0
global.js,26,js,2467ac57,Linus Lee,2025-02-01,14:46:38,-08:00,2025-02-01T14:46:38-08:00,0,0
global.js,27,js,2467ac57,Linus Lee,2025-02-01,14:46:38,-08:00,2025-02-01T14:46:38-08:00,0,0
global.js,28,js,5c1eb04e,Linus Lee,2025-02-01,16:16:20,-08:00,2025-02-01T16:16:20-08:00,0,28
global.js,29,js,2467ac57,Linus Lee,2025-02-01,14:46:38,-08:00,2025-02-01T14:46:38-08:00,0,0
global.js,30,js,2467ac57,Linus Lee,2025-02-01,14:46:38,-08:00,2025-02-01T14:46:38-08:00,0,57
global.js,31,js,2467ac57,Linus Lee,2025-02-01,14:46:38,-08:00,2025-02-01T14:46:38-08:00,0,45
global.js,32,js,2467ac57,Linus Lee,2025-02-01,14:46:38,-08:00,2025-02-01T14:46:38-08:00,0,19
global.js,33,js,2467ac57,Linus Lee,2025-02-01,14:46:38,-08:00,2025-02-01T14:46:38-08:00,0,36
global.js,34,js,2467ac57,Linus Lee,2025-02-01,14:46:38,-08:00,2025-02-01T14:46:38-08:00,0,231
global.js,35,js,2467ac57,Linus Lee,2025-02-01,14:46:38,-08:00,2025-02-01T14:46:38-08:00,0,67
global.js,36,js,2467ac57,Linus Lee,2025-02-01,14:46:38,-08:00,2025-02-01T14:46:38-08:00,0,4
global.js,37,js,2467ac57,Linus Lee,2025-02-01,14:46:38,-08:00,2025-02-01T14:46:38-08:00,0,0
global.js,38,js,2467ac57,Linus Lee,2025-02-01,14:46:38,-08:00,2025-02-01T14:46:38-08:00,0,27
global.js,39,js,2467ac57,Linus Lee,2025-02-01,14:46:38,-08:00,2025-02-01T14:46:38-08:00,0,0
global.js,40,js,2467ac57,Linus Lee,2025-02-01,14:46:38,-08:00,2025-02-01T14:46:38-08:00,0,79
global.js,41,js,2467ac57,Linus Lee,2025-02-01,14:46:38,-08:00,2025-02-01T14:46:38-08:00,0,0
global.js,42,js,2467ac57,Linus Lee,2025-02-01,14:46:38,-08:00,2025-02-01T14:46:38-08:00,0,31
global.js,43,js,2467ac57,Linus Lee,2025-02-01,14:46:38,-08:00,2025-02-01T14:46:38-08:00,0,0
global.js,44,js,2467ac57,Linus Lee,2025-02-01,14:46:38,-08:00,2025-02-01T14:46:38-08:00,0,89
global.js,45,js,2467ac57,Linus Lee,2025-02-01,14:46:38,-08:00,2025-02-01T14:46:38-08:00,0,43
global.js,46,js,2467ac57,Linus Lee,2025-02-01,14:46:38,-08:00,2025-02-01T14:46:38-08:00,0,6
global.js,47,js,2467ac57,Linus Lee,2025-02-01,14:46:38,-08:00,2025-02-01T14:46:38-08:00,0,0
global.js,48,js,2467ac57,Linus Lee,2025-02-01,14:46:38,-08:00,2025-02-01T14:46:38-08:00,0,0
global.js,49,js,3aed7fb4,Linus Lee,2025-02-01,16:37:47,-08:00,2025-02-01T16:37:47-08:00,0,61
global.js,50,js,3aed7fb4,Linus Lee,2025-02-01,16:37:47,-08:00,2025-02-01T16:37:47-08:00,0,44
global.js,51,js,3aed7fb4,Linus Lee,2025-02-01,16:37:47,-08:00,2025-02-01T16:37:47-08:00,0,38
global.js,52,js,3aed7fb4,Linus Lee,2025-02-01,16:37:47,-08:00,2025-02-01T16:37:47-08:00,0,0
global.js,53,js,2467ac57,Linus Lee,2025-02-01,14:46:38,-08:00,2025-02-01T14:46:38-08:00,0,0
global.js,54,js,2467ac57,Linus Lee,2025-02-01,14:46:38,-08:00,2025-02-01T14:46:38-08:00,0,61
global.js,55,js,2467ac57,Linus Lee,2025-02-01,14:46:38,-08:00,2025-02-01T14:46:38-08:00,0,46
global.js,56,js,2467ac57,Linus Lee,2025-02-01,14:46:38,-08:00,2025-02-01T14:46:38-08:00,0,57
global.js,57,js,2467ac57,Linus Lee,2025-02-01,14:46:38,-08:00,2025-02-01T14:46:38-08:00,0,19
global.js,58,js,2467ac57,Linus Lee,2025-02-01,14:46:38,-08:00,2025-02-01T14:46:38-08:00,0,0
global.js,59,js,2467ac57,Linus Lee,2025-02-01,14:46:38,-08:00,2025-02-01T14:46:38-08:00,0,0
global.js,60,js,2467ac57,Linus Lee,2025-02-01,14:46:38,-08:00,2025-02-01T14:46:38-08:00,0,49
global.js,61,js,2467ac57,Linus Lee,2025-02-01,14:46:38,-08:00,2025-02-01T14:46:38-08:00,0,0
global.js,62,js,2467ac57,Linus Lee,2025-02-01,14:46:38,-08:00,2025-02-01T14:46:38-08:00,0,51
global.js,63,js,2467ac57,Linus Lee,2025-02-01,14:46:38,-08:00,2025-02-01T14:46:38-08:00,0,21
global.js,64,js,2467ac57,Linus Lee,2025-02-01,14:46:38,-08:00,2025-02-01T14:46:38-08:00,0,0
global.js,65,js,2467ac57,Linus Lee,2025-02-01,14:46:38,-08:00,2025-02-01T14:46:38-08:00,0,63
global.js,66,js,2467ac57,Linus Lee,2025-02-01,14:46:38,-08:00,2025-02-01T14:46:38-08:00,0,40
global.js,67,js,2467ac57,Linus Lee,2025-02-01,14:46:38,-08:00,2025-02-01T14:46:38-08:00,0,49
global.js,68,js,f880f149,Linus Lee,2025-02-07,22:03:30,-08:00,2025-02-07T22:03:30-08:00,0,63
global.js,69,js,2467ac57,Linus Lee,2025-02-01,14:46:38,-08:00,2025-02-01T14:46:38-08:00,0,1
global.js,70,js,2467ac57,Linus Lee,2025-02-01,14:46:38,-08:00,2025-02-01T14:46:38-08:00,0,0
global.js,71,js,2467ac57,Linus Lee,2025-02-01,14:46:38,-08:00,2025-02-01T14:46:38-08:00,0,37
global.js,72,js,2467ac57,Linus Lee,2025-02-01,14:46:38,-08:00,2025-02-01T14:46:38-08:00,0,0
global.js,73,js,2467ac57,Linus Lee,2025-02-01,14:46:38,-08:00,2025-02-01T14:46:38-08:00,0,0
global.js,74,js,2467ac57,Linus Lee,2025-02-01,14:46:38,-08:00,2025-02-01T14:46:38-08:00,0,41
global.js,75,js,2467ac57,Linus Lee,2025-02-01,14:46:38,-08:00,2025-02-01T14:46:38-08:00,0,48
global.js,76,js,2467ac57,Linus Lee,2025-02-01,14:46:38,-08:00,2025-02-01T14:46:38-08:00,0,23
global.js,77,js,2467ac57,Linus Lee,2025-02-01,14:46:38,-08:00,2025-02-01T14:46:38-08:00,0,60
global.js,78,js,2467ac57,Linus Lee,2025-02-01,14:46:38,-08:00,2025-02-01T14:46:38-08:00,0,0
global.js,79,js,2467ac57,Linus Lee,2025-02-01,14:46:38,-08:00,2025-02-01T14:46:38-08:00,0,0
global.js,80,js,3aed7fb4,Linus Lee,2025-02-01,16:37:47,-08:00,2025-02-01T16:37:47-08:00,0,40
global.js,81,js,3aed7fb4,Linus Lee,2025-02-01,16:37:47,-08:00,2025-02-01T16:37:47-08:00,0,0
global.js,82,js,42936c5c,Linus Lee,2025-01-25,20:12:02,-08:00,2025-01-25T20:12:02-08:00,0,12
global.js,83,js,42936c5c,Linus Lee,2025-01-25,20:12:02,-08:00,2025-01-25T20:12:02-08:00,0,26
global.js,84,js,42936c5c,Linus Lee,2025-01-25,20:12:02,-08:00,2025-01-25T20:12:02-08:00,0,39
global.js,85,js,42936c5c,Linus Lee,2025-01-25,20:12:02,-08:00,2025-01-25T20:12:02-08:00,0,35
global.js,86,js,42936c5c,Linus Lee,2025-01-25,20:12:02,-08:00,2025-01-25T20:12:02-08:00,0,37
global.js,87,js,00000000,Not Committed Yet,2025-02-14,20:59:50,-08:00,2025-02-14T20:59:50-08:00,0,30
global.js,88,js,42936c5c,Linus Lee,2025-01-25,20:12:02,-08:00,2025-01-25T20:12:02-08:00,0,57
global.js,89,js,42936c5c,Linus Lee,2025-01-25,20:12:02,-08:00,2025-01-25T20:12:02-08:00,0,1
global.js,90,js,42936c5c,Linus Lee,2025-01-25,20:12:02,-08:00,2025-01-25T20:12:02-08:00,0,0
global.js,91,js,42936c5c,Linus Lee,2025-01-25,20:12:02,-08:00,2025-01-25T20:12:02-08:00,0,39
global.js,92,js,42936c5c,Linus Lee,2025-01-25,20:12:02,-08:00,2025-01-25T20:12:02-08:00,0,26
global.js,93,js,42936c5c,Linus Lee,2025-01-25,20:12:02,-08:00,2025-01-25T20:12:02-08:00,0,0
global.js,94,js,42936c5c,Linus Lee,2025-01-25,20:12:02,-08:00,2025-01-25T20:12:02-08:00,0,0
global.js,95,js,42936c5c,Linus Lee,2025-01-25,20:12:02,-08:00,2025-01-25T20:12:02-08:00,0,21
global.js,96,js,42936c5c,Linus Lee,2025-01-25,20:12:02,-08:00,2025-01-25T20:12:02-08:00,0,15
global.js,97,js,42936c5c,Linus Lee,2025-01-25,20:12:02,-08:00,2025-01-25T20:12:02-08:00,0,19
global.js,98,js,42936c5c,Linus Lee,2025-01-25,20:12:02,-08:00,2025-01-25T20:12:02-08:00,0,71
global.js,99,js,42936c5c,Linus Lee,2025-01-25,20:12:02,-08:00,2025-01-25T20:12:02-08:00,0,45
global.js,100,js,42936c5c,Linus Lee,2025-01-25,20:12:02,-08:00,2025-01-25T20:12:02-08:00,0,17
global.js,101,js,42936c5c,Linus Lee,2025-01-25,20:12:02,-08:00,2025-01-25T20:12:02-08:00,0,0
global.js,102,js,42936c5c,Linus Lee,2025-01-25,20:12:02,-08:00,2025-01-25T20:12:02-08:00,0,35
global.js,103,js,42936c5c,Linus Lee,2025-01-25,20:12:02,-08:00,2025-01-25T20:12:02-08:00,0,12
global.js,104,js,42936c5c,Linus Lee,2025-01-25,20:12:02,-08:00,2025-01-25T20:12:02-08:00,0,21
global.js,105,js,42936c5c,Linus Lee,2025-01-25,20:12:02,-08:00,2025-01-25T20:12:02-08:00,0,13
global.js,106,js,42936c5c,Linus Lee,2025-01-25,20:12:02,-08:00,2025-01-25T20:12:02-08:00,0,0
global.js,107,js,42936c5c,Linus Lee,2025-01-25,20:12:02,-08:00,2025-01-25T20:12:02-08:00,0,66
global.js,108,js,42936c5c,Linus Lee,2025-01-25,20:12:02,-08:00,2025-01-25T20:12:02-08:00,0,26
global.js,109,js,42936c5c,Linus Lee,2025-01-25,20:12:02,-08:00,2025-01-25T20:12:02-08:00,0,0
global.js,110,js,42936c5c,Linus Lee,2025-01-25,20:12:02,-08:00,2025-01-25T20:12:02-08:00,0,0
global.js,111,js,42936c5c,Linus Lee,2025-01-25,20:12:02,-08:00,2025-01-25T20:12:02-08:00,0,30
global.js,112,js,42936c5c,Linus Lee,2025-01-25,20:12:02,-08:00,2025-01-25T20:12:02-08:00,0,19
global.js,113,js,42936c5c,Linus Lee,2025-01-25,20:12:02,-08:00,2025-01-25T20:12:02-08:00,0,0
global.js,114,js,42936c5c,Linus Lee,2025-01-25,20:12:02,-08:00,2025-01-25T20:12:02-08:00,0,0
global.js,115,js,42936c5c,Linus Lee,2025-01-25,20:12:02,-08:00,2025-01-25T20:12:02-08:00,0,0
global.js,116,js,42936c5c,Linus Lee,2025-01-25,20:12:02,-08:00,2025-01-25T20:12:02-08:00,0,0
global.js,117,js,42936c5c,Linus Lee,2025-01-25,20:12:02,-08:00,2025-01-25T20:12:02-08:00,0,32
global.js,118,js,42936c5c,Linus Lee,2025-01-25,20:12:02,-08:00,2025-01-25T20:12:02-08:00,0,12
global.js,119,js,42936c5c,Linus Lee,2025-01-25,20:12:02,-08:00,2025-01-25T20:12:02-08:00,0,0
global.js,120,js,42936c5c,Linus Lee,2025-01-25,20:12:02,-08:00,2025-01-25T20:12:02-08:00,0,27
global.js,121,js,42936c5c,Linus Lee,2025-01-25,20:12:02,-08:00,2025-01-25T20:12:02-08:00,0,5
global.js,122,js,42936c5c,Linus Lee,2025-01-25,20:12:02,-08:00,2025-01-25T20:12:02-08:00,0,7
global.js,123,js,42936c5c,Linus Lee,2025-01-25,20:12:02,-08:00,2025-01-25T20:12:02-08:00,0,38
global.js,124,js,42936c5c,Linus Lee,2025-01-25,20:12:02,-08:00,2025-01-25T20:12:02-08:00,0,35
global.js,125,js,42936c5c,Linus Lee,2025-01-25,20:12:02,-08:00,2025-01-25T20:12:02-08:00,0,33
global.js,126,js,42936c5c,Linus Lee,2025-01-25,20:12:02,-08:00,2025-01-25T20:12:02-08:00,0,8
global.js,127,js,42936c5c,Linus Lee,2025-01-25,20:12:02,-08:00,2025-01-25T20:12:02-08:00,0,8
global.js,128,js,42936c5c,Linus Lee,2025-01-25,20:12:02,-08:00,2025-01-25T20:12:02-08:00,0,1
global.js,129,js,42936c5c,Linus Lee,2025-01-25,20:12:02,-08:00,2025-01-25T20:12:02-08:00,0,0
global.js,130,js,42936c5c,Linus Lee,2025-01-25,20:12:02,-08:00,2025-01-25T20:12:02-08:00,0,0
global.js,131,js,42936c5c,Linus Lee,2025-01-25,20:12:02,-08:00,2025-01-25T20:12:02-08:00,0,0
global.js,132,js,42936c5c,Linus Lee,2025-01-25,20:12:02,-08:00,2025-01-25T20:12:02-08:00,0,47
global.js,133,js,42936c5c,Linus Lee,2025-01-25,20:12:02,-08:00,2025-01-25T20:12:02-08:00,0,0
global.js,134,js,42936c5c,Linus Lee,2025-01-25,20:12:02,-08:00,2025-01-25T20:12:02-08:00,0,0
global.js,135,js,42936c5c,Linus Lee,2025-01-25,20:12:02,-08:00,2025-01-25T20:12:02-08:00,0,50
global.js,136,js,42936c5c,Linus Lee,2025-01-25,20:12:02,-08:00,2025-01-25T20:12:02-08:00,0,58
global.js,137,js,42936c5c,Linus Lee,2025-01-25,20:12:02,-08:00,2025-01-25T20:12:02-08:00,0,78
global.js,138,js,42936c5c,Linus Lee,2025-01-25,20:12:02,-08:00,2025-01-25T20:12:02-08:00,0,44
global.js,139,js,42936c5c,Linus Lee,2025-01-25,20:12:02,-08:00,2025-01-25T20:12:02-08:00,0,2
global.js,140,js,42936c5c,Linus Lee,2025-01-25,20:12:02,-08:00,2025-01-25T20:12:02-08:00,0,0
global.js,141,js,42936c5c,Linus Lee,2025-01-25,20:12:02,-08:00,2025-01-25T20:12:02-08:00,0,35
global.js,142,js,42936c5c,Linus Lee,2025-01-25,20:12:02,-08:00,2025-01-25T20:12:02-08:00,0,38
global.js,143,js,42936c5c,Linus Lee,2025-01-25,20:12:02,-08:00,2025-01-25T20:12:02-08:00,0,84
global.js,144,js,42936c5c,Linus Lee,2025-01-25,20:12:02,-08:00,2025-01-25T20:12:02-08:00,0,0
global.js,145,js,42936c5c,Linus Lee,2025-01-25,20:12:02,-08:00,2025-01-25T20:12:02-08:00,0,0
global.js,146,js,42936c5c,Linus Lee,2025-01-25,20:12:02,-08:00,2025-01-25T20:12:02-08:00,0,50
global.js,147,js,42936c5c,Linus Lee,2025-01-25,20:12:02,-08:00,2025-01-25T20:12:02-08:00,0,0
global.js,148,js,42936c5c,Linus Lee,2025-01-25,20:12:02,-08:00,2025-01-25T20:12:02-08:00,0,50
global.js,149,js,42936c5c,Linus Lee,2025-01-25,20:12:02,-08:00,2025-01-25T20:12:02-08:00,0,22
global.js,150,js,42936c5c,Linus Lee,2025-01-25,20:12:02,-08:00,2025-01-25T20:12:02-08:00,0,0
global.js,151,js,42936c5c,Linus Lee,2025-01-25,20:12:02,-08:00,2025-01-25T20:12:02-08:00,0,31
global.js,152,js,42936c5c,Linus Lee,2025-01-25,20:12:02,-08:00,2025-01-25T20:12:02-08:00,0,0
global.js,153,js,42936c5c,Linus Lee,2025-01-25,20:12:02,-08:00,2025-01-25T20:12:02-08:00,0,27
global.js,154,js,42936c5c,Linus Lee,2025-01-25,20:12:02,-08:00,2025-01-25T20:12:02-08:00,0,0
global.js,155,js,42936c5c,Linus Lee,2025-01-25,20:12:02,-08:00,2025-01-25T20:12:02-08:00,0,32
global.js,156,js,42936c5c,Linus Lee,2025-01-25,20:12:02,-08:00,2025-01-25T20:12:02-08:00,0,66
global.js,157,js,42936c5c,Linus Lee,2025-01-25,20:12:02,-08:00,2025-01-25T20:12:02-08:00,0,44
global.js,158,js,42936c5c,Linus Lee,2025-01-25,20:12:02,-08:00,2025-01-25T20:12:02-08:00,0,0
global.js,159,js,42936c5c,Linus Lee,2025-01-25,20:12:02,-08:00,2025-01-25T20:12:02-08:00,0,0
global.js,160,js,42936c5c,Linus Lee,2025-01-25,20:12:02,-08:00,2025-01-25T20:12:02-08:00,0,19
global.js,161,js,42936c5c,Linus Lee,2025-01-25,20:12:02,-08:00,2025-01-25T20:12:02-08:00,0,2
global.js,162,js,2467ac57,Linus Lee,2025-02-01,14:46:38,-08:00,2025-02-01T14:46:38-08:00,0,0
resume/resume.css,1,css,42936c5c,Linus Lee,2025-01-25,20:12:02,-08:00,2025-01-25T20:12:02-08:00,0,6
resume/resume.css,2,css,42936c5c,Linus Lee,2025-01-25,20:12:02,-08:00,2025-01-25T20:12:02-08:00,0,18
resume/resume.css,3,css,42936c5c,Linus Lee,2025-01-25,20:12:02,-08:00,2025-01-25T20:12:02-08:00,0,0
resume/resume.css,4,css,42936c5c,Linus Lee,2025-01-25,20:12:02,-08:00,2025-01-25T20:12:02-08:00,0,0
resume/resume.css,5,css,42936c5c,Linus Lee,2025-01-25,20:12:02,-08:00,2025-01-25T20:12:02-08:00,0,5
resume/resume.css,6,css,42936c5c,Linus Lee,2025-01-25,20:12:02,-08:00,2025-01-25T20:12:02-08:00,0,24
resume/resume.css,7,css,42936c5c,Linus Lee,2025-01-25,20:12:02,-08:00,2025-01-25T20:12:02-08:00,0,16
resume/resume.css,8,css,42936c5c,Linus Lee,2025-01-25,20:12:02,-08:00,2025-01-25T20:12:02-08:00,0,43
resume/resume.css,9,css,42936c5c,Linus Lee,2025-01-25,20:12:02,-08:00,2025-01-25T20:12:02-08:00,0,0
resume/resume.css,10,css,42936c5c,Linus Lee,2025-01-25,20:12:02,-08:00,2025-01-25T20:12:02-08:00,0,0
resume/resume.css,11,css,ad46b3fb,Linus Lee,2025-01-17,15:17:30,-08:00,2025-01-17T15:17:30-08:00,0,0
resume/resume.css,12,css,ad46b3fb,Linus Lee,2025-01-17,15:17:30,-08:00,2025-01-17T15:17:30-08:00,0,0
resume/resume.css,13,css,42936c5c,Linus Lee,2025-01-25,20:12:02,-08:00,2025-01-25T20:12:02-08:00,0,2
resume/resume.css,14,css,42936c5c,Linus Lee,2025-01-25,20:12:02,-08:00,2025-01-25T20:12:02-08:00,0,7
resume/resume.css,15,css,42936c5c,Linus Lee,2025-01-25,20:12:02,-08:00,2025-01-25T20:12:02-08:00,0,21
resume/resume.css,16,css,42936c5c,Linus Lee,2025-01-25,20:12:02,-08:00,2025-01-25T20:12:02-08:00,0,14
resume/resume.css,17,css,42936c5c,Linus Lee,2025-01-25,20:12:02,-08:00,2025-01-25T20:12:02-08:00,0,18
resume/resume.css,18,css,42936c5c,Linus Lee,2025-01-25,20:12:02,-08:00,2025-01-25T20:12:02-08:00,0,12
resume/resume.css,19,css,42936c5c,Linus Lee,2025-01-25,20:12:02,-08:00,2025-01-25T20:12:02-08:00,0,0
resume/resume.css,20,css,42936c5c,Linus Lee,2025-01-25,20:12:02,-08:00,2025-01-25T20:12:02-08:00,0,0
resume/resume.css,21,css,42936c5c,Linus Lee,2025-01-25,20:12:02,-08:00,2025-01-25T20:12:02-08:00,0,4
resume/resume.css,22,css,42936c5c,Linus Lee,2025-01-25,20:12:02,-08:00,2025-01-25T20:12:02-08:00,0,14
resume/resume.css,23,css,42936c5c,Linus Lee,2025-01-25,20:12:02,-08:00,2025-01-25T20:12:02-08:00,0,19
resume/resume.css,24,css,42936c5c,Linus Lee,2025-01-25,20:12:02,-08:00,2025-01-25T20:12:02-08:00,0,25
resume/resume.css,25,css,42936c5c,Linus Lee,2025-01-25,20:12:02,-08:00,2025-01-25T20:12:02-08:00,0,27
resume/resume.css,26,css,42936c5c,Linus Lee,2025-01-25,20:12:02,-08:00,2025-01-25T20:12:02-08:00,0,40
resume/resume.css,27,css,42936c5c,Linus Lee,2025-01-25,20:12:02,-08:00,2025-01-25T20:12:02-08:00,0,40
resume/resume.css,28,css,42936c5c,Linus Lee,2025-01-25,20:12:02,-08:00,2025-01-25T20:12:02-08:00,0,0
resume/resume.css,29,css,42936c5c,Linus Lee,2025-01-25,20:12:02,-08:00,2025-01-25T20:12:02-08:00,0,0
resume/resume.css,30,css,42936c5c,Linus Lee,2025-01-25,20:12:02,-08:00,2025-01-25T20:12:02-08:00,0,14
resume/resume.css,31,css,42936c5c,Linus Lee,2025-01-25,20:12:02,-08:00,2025-01-25T20:12:02-08:00,0,7
resume/resume.css,32,css,42936c5c,Linus Lee,2025-01-25,20:12:02,-08:00,2025-01-25T20:12:02-08:00,0,21
resume/resume.css,33,css,42936c5c,Linus Lee,2025-01-25,20:12:02,-08:00,2025-01-25T20:12:02-08:00,0,14
resume/resume.css,34,css,42936c5c,Linus Lee,2025-01-25,20:12:02,-08:00,2025-01-25T20:12:02-08:00,0,18
resume/resume.css,35,css,42936c5c,Linus Lee,2025-01-25,20:12:02,-08:00,2025-01-25T20:12:02-08:00,0,12
resume/resume.css,36,css,42936c5c,Linus Lee,2025-01-25,20:12:02,-08:00,2025-01-25T20:12:02-08:00,0,0
resume/resume.css,37,css,42936c5c,Linus Lee,2025-01-25,20:12:02,-08:00,2025-01-25T20:12:02-08:00,0,0
resume/resume.css,38,css,42936c5c,Linus Lee,2025-01-25,20:12:02,-08:00,2025-01-25T20:12:02-08:00,0,0
resume/resume.css,39,css,42936c5c,Linus Lee,2025-01-25,20:12:02,-08:00,2025-01-25T20:12:02-08:00,0,8
resume/resume.css,40,css,42936c5c,Linus Lee,2025-01-25,20:12:02,-08:00,2025-01-25T20:12:02-08:00,0,26
resume/resume.css,41,css,42936c5c,Linus Lee,2025-01-25,20:12:02,-08:00,2025-01-25T20:12:02-08:00,0,27
resume/resume.css,42,css,42936c5c,Linus Lee,2025-01-25,20:12:02,-08:00,2025-01-25T20:12:02-08:00,0,40
resume/resume.css,43,css,42936c5c,Linus Lee,2025-01-25,20:12:02,-08:00,2025-01-25T20:12:02-08:00,0,34
resume/resume.css,44,css,42936c5c,Linus Lee,2025-01-25,20:12:02,-08:00,2025-01-25T20:12:02-08:00,0,21
resume/resume.css,45,css,42936c5c,Linus Lee,2025-01-25,20:12:02,-08:00,2025-01-25T20:12:02-08:00,0,70
resume/resume.css,46,css,42936c5c,Linus Lee,2025-01-25,20:12:02,-08:00,2025-01-25T20:12:02-08:00,0,0
resume/resume.css,47,css,42936c5c,Linus Lee,2025-01-25,20:12:02,-08:00,2025-01-25T20:12:02-08:00,0,0
resume/resume.css,48,css,42936c5c,Linus Lee,2025-01-25,20:12:02,-08:00,2025-01-25T20:12:02-08:00,0,10
resume/resume.css,49,css,42936c5c,Linus Lee,2025-01-25,20:12:02,-08:00,2025-01-25T20:12:02-08:00,0,26
resume/resume.css,50,css,42936c5c,Linus Lee,2025-01-25,20:12:02,-08:00,2025-01-25T20:12:02-08:00,0,27
resume/resume.css,51,css,42936c5c,Linus Lee,2025-01-25,20:12:02,-08:00,2025-01-25T20:12:02-08:00,0,40
resume/resume.css,52,css,42936c5c,Linus Lee,2025-01-25,20:12:02,-08:00,2025-01-25T20:12:02-08:00,0,21
resume/resume.css,53,css,42936c5c,Linus Lee,2025-01-25,20:12:02,-08:00,2025-01-25T20:12:02-08:00,0,0
resume/resume.css,54,css,42936c5c,Linus Lee,2025-01-25,20:12:02,-08:00,2025-01-25T20:12:02-08:00,0,0
resume/resume.css,55,css,42936c5c,Linus Lee,2025-01-25,20:12:02,-08:00,2025-01-25T20:12:02-08:00,0,7
resume/resume.css,56,css,ad46b3fb,Linus Lee,2025-01-17,15:17:30,-08:00,2025-01-17T15:17:30-08:00,0,18
resume/resume.css,57,css,ad46b3fb,Linus Lee,2025-01-17,15:17:30,-08:00,2025-01-17T15:17:30-08:00,0,19
resume/resume.css,58,css,ad46b3fb,Linus Lee,2025-01-17,15:17:30,-08:00,2025-01-17T15:17:30-08:00,0,0
resume/resume.css,59,css,ad46b3fb,Linus Lee,2025-01-17,15:17:30,-08:00,2025-01-17T15:17:30-08:00,0,0
resume/resume.css,60,css,ad46b3fb,Linus Lee,2025-01-17,15:17:30,-08:00,2025-01-17T15:17:30-08:00,0,3
resume/resume.css,61,css,ad46b3fb,Linus Lee,2025-01-17,15:17:30,-08:00,2025-01-17T15:17:30-08:00,0,16
resume/resume.css,62,css,ad46b3fb,Linus Lee,2025-01-17,15:17:30,-08:00,2025-01-17T15:17:30-08:00,0,19
resume/resume.css,63,css,ad46b3fb,Linus Lee,2025-01-17,15:17:30,-08:00,2025-01-17T15:17:30-08:00,0,0
resume/resume.css,64,css,42936c5c,Linus Lee,2025-01-25,20:12:02,-08:00,2025-01-25T20:12:02-08:00,0,0
resume/resume.css,65,css,42936c5c,Linus Lee,2025-01-25,20:12:02,-08:00,2025-01-25T20:12:02-08:00,0,28
resume/resume.css,66,css,42936c5c,Linus Lee,2025-01-25,20:12:02,-08:00,2025-01-25T20:12:02-08:00,0,18
resume/resume.css,67,css,42936c5c,Linus Lee,2025-01-25,20:12:02,-08:00,2025-01-25T20:12:02-08:00,0,14
resume/resume.css,68,css,42936c5c,Linus Lee,2025-01-25,20:12:02,-08:00,2025-01-25T20:12:02-08:00,0,9
resume/resume.css,69,css,42936c5c,Linus Lee,2025-01-25,20:12:02,-08:00,2025-01-25T20:12:02-08:00,0,11
resume/resume.css,70,css,42936c5c,Linus Lee,2025-01-25,20:12:02,-08:00,2025-01-25T20:12:02-08:00,0,17
resume/resume.css,71,css,42936c5c,Linus Lee,2025-01-25,20:12:02,-08:00,2025-01-25T20:12:02-08:00,0,18
resume/resume.css,72,css,42936c5c,Linus Lee,2025-01-25,20:12:02,-08:00,2025-01-25T20:12:02-08:00,0,0
resume/resume.css,73,css,42936c5c,Linus Lee,2025-01-25,20:12:02,-08:00,2025-01-25T20:12:02-08:00,0,0
resume/resume.css,74,css,42936c5c,Linus Lee,2025-01-25,20:12:02,-08:00,2025-01-25T20:12:02-08:00,0,0
resume/index.html,1,html,66ba01c8,Linus Lee,2025-01-10,22:16:03,-08:00,2025-01-10T22:16:03-08:00,0,14
resume/index.html,2,html,66ba01c8,Linus Lee,2025-01-10,22:16:03,-08:00,2025-01-10T22:16:03-08:00,0,15
resume/index.html,3,html,66ba01c8,Linus Lee,2025-01-10,22:16:03,-08:00,2025-01-10T22:16:03-08:00,0,5
resume/index.html,4,html,66ba01c8,Linus Lee,2025-01-10,22:16:03,-08:00,2025-01-10T22:16:03-08:00,0,21
resume/index.html,5,html,66ba01c8,Linus Lee,2025-01-10,22:16:03,-08:00,2025-01-10T22:16:03-08:00,0,69
resume/index.html,6,html,66ba01c8,Linus Lee,2025-01-10,22:16:03,-08:00,2025-01-10T22:16:03-08:00,0,23
resume/index.html,7,html,ad46b3fb,Linus Lee,2025-01-17,15:17:30,-08:00,2025-01-17T15:17:30-08:00,0,40
resume/index.html,8,html,42936c5c,Linus Lee,2025-01-25,20:12:02,-08:00,2025-01-25T20:12:02-08:00,0,49
resume/index.html,9,html,66ba01c8,Linus Lee,2025-01-10,22:16:03,-08:00,2025-01-10T22:16:03-08:00,0,6
resume/index.html,10,html,bffab379,Linus Lee,2025-01-17,11:49:28,-08:00,2025-01-17T11:49:28-08:00,0,46
resume/index.html,11,html,42936c5c,Linus Lee,2025-01-25,20:12:02,-08:00,2025-01-25T20:12:02-08:00,0,0
resume/index.html,12,html,91416979,Linus Lee,2025-01-10,22:48:13,-08:00,2025-01-10T22:48:13-08:00,0,17
resume/index.html,13,html,91416979,Linus Lee,2025-01-10,22:48:13,-08:00,2025-01-10T22:48:13-08:00,0,117
resume/index.html,14,html,91416979,Linus Lee,2025-01-10,22:48:13,-08:00,2025-01-10T22:48:13-08:00,0,0
resume/index.html,15,html,91416979,Linus Lee,2025-01-10,22:48:13,-08:00,2025-01-10T22:48:13-08:00,0,24
resume/index.html,16,html,9cf36238,Linus Lee,2025-01-10,22:51:44,-08:00,2025-01-10T22:51:44-08:00,0,7
resume/index.html,17,html,91416979,Linus Lee,2025-01-10,22:48:13,-08:00,2025-01-10T22:48:13-08:00,0,27
resume/index.html,18,html,91416979,Linus Lee,2025-01-10,22:48:13,-08:00,2025-01-10T22:48:13-08:00,0,3
resume/index.html,19,html,91416979,Linus Lee,2025-01-10,22:48:13,-08:00,2025-01-10T22:48:13-08:00,0,30
resume/index.html,20,html,91416979,Linus Lee,2025-01-10,22:48:13,-08:00,2025-01-10T22:48:13-08:00,0,29
resume/index.html,21,html,ad46b3fb,Linus Lee,2025-01-17,15:17:30,-08:00,2025-01-17T15:17:30-08:00,0,88
resume/index.html,22,html,91416979,Linus Lee,2025-01-10,22:48:13,-08:00,2025-01-10T22:48:13-08:00,0,4
resume/index.html,23,html,9cf36238,Linus Lee,2025-01-10,22:51:44,-08:00,2025-01-10T22:51:44-08:00,0,8
resume/index.html,24,html,91416979,Linus Lee,2025-01-10,22:48:13,-08:00,2025-01-10T22:48:13-08:00,0,9
resume/index.html,25,html,91416979,Linus Lee,2025-01-10,22:48:13,-08:00,2025-01-10T22:48:13-08:00,0,0
resume/index.html,26,html,91416979,Linus Lee,2025-01-10,22:48:13,-08:00,2025-01-10T22:48:13-08:00,0,26
resume/index.html,27,html,9cf36238,Linus Lee,2025-01-10,22:51:44,-08:00,2025-01-10T22:51:44-08:00,0,7
resume/index.html,28,html,91416979,Linus Lee,2025-01-10,22:48:13,-08:00,2025-01-10T22:48:13-08:00,0,17
resume/index.html,29,html,91416979,Linus Lee,2025-01-10,22:48:13,-08:00,2025-01-10T22:48:13-08:00,0,20
resume/index.html,30,html,91416979,Linus Lee,2025-01-10,22:48:13,-08:00,2025-01-10T22:48:13-08:00,0,3
resume/index.html,31,html,91416979,Linus Lee,2025-01-10,22:48:13,-08:00,2025-01-10T22:48:13-08:00,0,77
resume/index.html,32,html,91416979,Linus Lee,2025-01-10,22:48:13,-08:00,2025-01-10T22:48:13-08:00,0,17
resume/index.html,33,html,9cf36238,Linus Lee,2025-01-10,22:51:44,-08:00,2025-01-10T22:51:44-08:00,0,4
resume/index.html,34,html,9cf36238,Linus Lee,2025-01-10,22:51:44,-08:00,2025-01-10T22:51:44-08:00,0,8
resume/index.html,35,html,91416979,Linus Lee,2025-01-10,22:48:13,-08:00,2025-01-10T22:48:13-08:00,0,9
resume/index.html,36,html,91416979,Linus Lee,2025-01-10,22:48:13,-08:00,2025-01-10T22:48:13-08:00,0,0
resume/index.html,37,html,91416979,Linus Lee,2025-01-10,22:48:13,-08:00,2025-01-10T22:48:13-08:00,0,0
resume/index.html,38,html,91416979,Linus Lee,2025-01-10,22:48:13,-08:00,2025-01-10T22:48:13-08:00,0,27
resume/index.html,39,html,9cf36238,Linus Lee,2025-01-10,22:51:44,-08:00,2025-01-10T22:51:44-08:00,0,7
resume/index.html,40,html,9cf36238,Linus Lee,2025-01-10,22:51:44,-08:00,2025-01-10T22:51:44-08:00,0,18
resume/index.html,41,html,91416979,Linus Lee,2025-01-10,22:48:13,-08:00,2025-01-10T22:48:13-08:00,0,20
resume/index.html,42,html,91416979,Linus Lee,2025-01-10,22:48:13,-08:00,2025-01-10T22:48:13-08:00,0,3
resume/index.html,43,html,91416979,Linus Lee,2025-01-10,22:48:13,-08:00,2025-01-10T22:48:13-08:00,0,129
resume/index.html,44,html,91416979,Linus Lee,2025-01-10,22:48:13,-08:00,2025-01-10T22:48:13-08:00,0,95
resume/index.html,45,html,91416979,Linus Lee,2025-01-10,22:48:13,-08:00,2025-01-10T22:48:13-08:00,0,4
resume/index.html,46,html,91416979,Linus Lee,2025-01-10,22:48:13,-08:00,2025-01-10T22:48:13-08:00,0,0
resume/index.html,47,html,9cf36238,Linus Lee,2025-01-10,22:51:44,-08:00,2025-01-10T22:51:44-08:00,0,24
resume/index.html,48,html,91416979,Linus Lee,2025-01-10,22:48:13,-08:00,2025-01-10T22:48:13-08:00,0,3
resume/index.html,49,html,91416979,Linus Lee,2025-01-10,22:48:13,-08:00,2025-01-10T22:48:13-08:00,0,109
resume/index.html,50,html,91416979,Linus Lee,2025-01-10,22:48:13,-08:00,2025-01-10T22:48:13-08:00,0,51
resume/index.html,51,html,91416979,Linus Lee,2025-01-10,22:48:13,-08:00,2025-01-10T22:48:13-08:00,0,4
resume/index.html,52,html,9cf36238,Linus Lee,2025-01-10,22:51:44,-08:00,2025-01-10T22:51:44-08:00,0,8
resume/index.html,53,html,91416979,Linus Lee,2025-01-10,22:48:13,-08:00,2025-01-10T22:48:13-08:00,0,9
resume/index.html,54,html,91416979,Linus Lee,2025-01-10,22:48:13,-08:00,2025-01-10T22:48:13-08:00,0,0
resume/index.html,55,html,91416979,Linus Lee,2025-01-10,22:48:13,-08:00,2025-01-10T22:48:13-08:00,0,23
resume/index.html,56,html,9cf36238,Linus Lee,2025-01-10,22:51:44,-08:00,2025-01-10T22:51:44-08:00,0,7
resume/index.html,57,html,91416979,Linus Lee,2025-01-10,22:48:13,-08:00,2025-01-10T22:48:13-08:00,0,14
resume/index.html,58,html,91416979,Linus Lee,2025-01-10,22:48:13,-08:00,2025-01-10T22:48:13-08:00,0,3
resume/index.html,59,html,91416979,Linus Lee,2025-01-10,22:48:13,-08:00,2025-01-10T22:48:13-08:00,0,14
resume/index.html,60,html,91416979,Linus Lee,2025-01-10,22:48:13,-08:00,2025-01-10T22:48:13-08:00,0,11
resume/index.html,61,html,91416979,Linus Lee,2025-01-10,22:48:13,-08:00,2025-01-10T22:48:13-08:00,0,11
resume/index.html,62,html,91416979,Linus Lee,2025-01-10,22:48:13,-08:00,2025-01-10T22:48:13-08:00,0,12
resume/index.html,63,html,91416979,Linus Lee,2025-01-10,22:48:13,-08:00,2025-01-10T22:48:13-08:00,0,4
resume/index.html,64,html,9cf36238,Linus Lee,2025-01-10,22:51:44,-08:00,2025-01-10T22:51:44-08:00,0,8
resume/index.html,65,html,91416979,Linus Lee,2025-01-10,22:48:13,-08:00,2025-01-10T22:48:13-08:00,0,9
resume/index.html,66,html,66ba01c8,Linus Lee,2025-01-10,22:16:03,-08:00,2025-01-10T22:16:03-08:00,0,6
resume/index.html,67,html,66ba01c8,Linus Lee,2025-01-10,22:16:03,-08:00,2025-01-10T22:16:03-08:00,0,6
projects/projects.js,1,js,2467ac57,Linus Lee,2025-02-01,14:46:38,-08:00,2025-02-01T14:46:38-08:00,0,56
projects/projects.js,2,js,f880f149,Linus Lee,2025-02-07,22:03:30,-08:00,2025-02-07T22:03:30-08:00,0,64
projects/projects.js,3,js,f880f149,Linus Lee,2025-02-07,22:03:30,-08:00,2025-02-07T22:03:30-08:00,0,0
projects/projects.js,4,js,f880f149,Linus Lee,2025-02-07,22:03:30,-08:00,2025-02-07T22:03:30-08:00,0,14
projects/projects.js,5,js,f880f149,Linus Lee,2025-02-07,22:03:30,-08:00,2025-02-07T22:03:30-08:00,0,54
projects/projects.js,6,js,f880f149,Linus Lee,2025-02-07,22:03:30,-08:00,2025-02-07T22:03:30-08:00,0,22
projects/projects.js,7,js,f880f149,Linus Lee,2025-02-07,22:03:30,-08:00,2025-02-07T22:03:30-08:00,0,54
projects/projects.js,8,js,2467ac57,Linus Lee,2025-02-01,14:46:38,-08:00,2025-02-01T14:46:38-08:00,0,0
projects/projects.js,9,js,2467ac57,Linus Lee,2025-02-01,14:46:38,-08:00,2025-02-01T14:46:38-08:00,0,61
projects/projects.js,10,js,2467ac57,Linus Lee,2025-02-01,14:46:38,-08:00,2025-02-01T14:46:38-08:00,0,63
projects/projects.js,11,js,2467ac57,Linus Lee,2025-02-01,14:46:38,-08:00,2025-02-01T14:46:38-08:00,0,0
projects/projects.js,12,js,2467ac57,Linus Lee,2025-02-01,14:46:38,-08:00,2025-02-01T14:46:38-08:00,0,37
projects/projects.js,13,js,2467ac57,Linus Lee,2025-02-01,14:46:38,-08:00,2025-02-01T14:46:38-08:00,0,0
projects/projects.js,14,js,2467ac57,Linus Lee,2025-02-01,14:46:38,-08:00,2025-02-01T14:46:38-08:00,0,57
projects/projects.js,15,js,2467ac57,Linus Lee,2025-02-01,14:46:38,-08:00,2025-02-01T14:46:38-08:00,0,32
projects/projects.js,16,js,2467ac57,Linus Lee,2025-02-01,14:46:38,-08:00,2025-02-01T14:46:38-08:00,0,0
projects/projects.js,17,js,2467ac57,Linus Lee,2025-02-01,14:46:38,-08:00,2025-02-01T14:46:38-08:00,0,28
projects/projects.js,18,js,2467ac57,Linus Lee,2025-02-01,14:46:38,-08:00,2025-02-01T14:46:38-08:00,0,49
projects/projects.js,19,js,2467ac57,Linus Lee,2025-02-01,14:46:38,-08:00,2025-02-01T14:46:38-08:00,0,38
projects/projects.js,20,js,2467ac57,Linus Lee,2025-02-01,14:46:38,-08:00,2025-02-01T14:46:38-08:00,0,38
projects/projects.js,21,js,2467ac57,Linus Lee,2025-02-01,14:46:38,-08:00,2025-02-01T14:46:38-08:00,0,2
projects/projects.js,22,js,2467ac57,Linus Lee,2025-02-01,14:46:38,-08:00,2025-02-01T14:46:38-08:00,0,7
projects/projects.js,23,js,2467ac57,Linus Lee,2025-02-01,14:46:38,-08:00,2025-02-01T14:46:38-08:00,0,61
projects/projects.js,24,js,f880f149,Linus Lee,2025-02-07,22:03:30,-08:00,2025-02-07T22:03:30-08:00,0,0
projects/projects.js,25,js,f880f149,Linus Lee,2025-02-07,22:03:30,-08:00,2025-02-07T22:03:30-08:00,0,0
projects/projects.js,26,js,f880f149,Linus Lee,2025-02-07,22:03:30,-08:00,2025-02-07T22:03:30-08:00,0,0
projects/projects.js,27,js,f880f149,Linus Lee,2025-02-07,22:03:30,-08:00,2025-02-07T22:03:30-08:00,0,0
projects/projects.js,28,js,f880f149,Linus Lee,2025-02-07,22:03:30,-08:00,2025-02-07T22:03:30-08:00,0,39
projects/projects.js,29,js,f880f149,Linus Lee,2025-02-07,22:03:30,-08:00,2025-02-07T22:03:30-08:00,0,27
projects/projects.js,30,js,f880f149,Linus Lee,2025-02-07,22:03:30,-08:00,2025-02-07T22:03:30-08:00,0,13
projects/projects.js,31,js,f880f149,Linus Lee,2025-02-07,22:03:30,-08:00,2025-02-07T22:03:30-08:00,0,13
projects/projects.js,32,js,f880f149,Linus Lee,2025-02-07,22:03:30,-08:00,2025-02-07T22:03:30-08:00,0,10
projects/projects.js,33,js,f880f149,Linus Lee,2025-02-07,22:03:30,-08:00,2025-02-07T22:03:30-08:00,0,1
projects/projects.js,34,js,f880f149,Linus Lee,2025-02-07,22:03:30,-08:00,2025-02-07T22:03:30-08:00,0,0
projects/projects.js,35,js,f880f149,Linus Lee,2025-02-07,22:03:30,-08:00,2025-02-07T22:03:30-08:00,0,45
projects/projects.js,36,js,f880f149,Linus Lee,2025-02-07,22:03:30,-08:00,2025-02-07T22:03:30-08:00,0,36
projects/projects.js,37,js,f880f149,Linus Lee,2025-02-07,22:03:30,-08:00,2025-02-07T22:03:30-08:00,0,2
projects/projects.js,38,js,f880f149,Linus Lee,2025-02-07,22:03:30,-08:00,2025-02-07T22:03:30-08:00,0,0
projects/projects.js,39,js,f880f149,Linus Lee,2025-02-07,22:03:30,-08:00,2025-02-07T22:03:30-08:00,0,24
projects/projects.js,40,js,f880f149,Linus Lee,2025-02-07,22:03:30,-08:00,2025-02-07T22:03:30-08:00,0,43
projects/projects.js,41,js,f880f149,Linus Lee,2025-02-07,22:03:30,-08:00,2025-02-07T22:03:30-08:00,0,45
projects/projects.js,42,js,f880f149,Linus Lee,2025-02-07,22:03:30,-08:00,2025-02-07T22:03:30-08:00,0,0
projects/projects.js,43,js,f880f149,Linus Lee,2025-02-07,22:03:30,-08:00,2025-02-07T22:03:30-08:00,0,18
projects/projects.js,44,js,f880f149,Linus Lee,2025-02-07,22:03:30,-08:00,2025-02-07T22:03:30-08:00,0,44
projects/projects.js,45,js,f880f149,Linus Lee,2025-02-07,22:03:30,-08:00,2025-02-07T22:03:30-08:00,0,26
projects/projects.js,46,js,f880f149,Linus Lee,2025-02-07,22:03:30,-08:00,2025-02-07T22:03:30-08:00,0,14
projects/projects.js,47,js,f880f149,Linus Lee,2025-02-07,22:03:30,-08:00,2025-02-07T22:03:30-08:00,0,16
projects/projects.js,48,js,f880f149,Linus Lee,2025-02-07,22:03:30,-08:00,2025-02-07T22:03:30-08:00,0,28
projects/projects.js,49,js,f880f149,Linus Lee,2025-02-07,22:03:30,-08:00,2025-02-07T22:03:30-08:00,0,20
projects/projects.js,50,js,f880f149,Linus Lee,2025-02-07,22:03:30,-08:00,2025-02-07T22:03:30-08:00,0,0
projects/projects.js,51,js,f880f149,Linus Lee,2025-02-07,22:03:30,-08:00,2025-02-07T22:03:30-08:00,0,34
projects/projects.js,52,js,f880f149,Linus Lee,2025-02-07,22:03:30,-08:00,2025-02-07T22:03:30-08:00,0,44
projects/projects.js,53,js,f880f149,Linus Lee,2025-02-07,22:03:30,-08:00,2025-02-07T22:03:30-08:00,0,0
projects/projects.js,54,js,f880f149,Linus Lee,2025-02-07,22:03:30,-08:00,2025-02-07T22:03:30-08:00,0,12
projects/projects.js,55,js,f880f149,Linus Lee,2025-02-07,22:03:30,-08:00,2025-02-07T22:03:30-08:00,0,26
projects/projects.js,56,js,f880f149,Linus Lee,2025-02-07,22:03:30,-08:00,2025-02-07T22:03:30-08:00,0,25
projects/projects.js,57,js,f880f149,Linus Lee,2025-02-07,22:03:30,-08:00,2025-02-07T22:03:30-08:00,0,17
projects/projects.js,58,js,f880f149,Linus Lee,2025-02-07,22:03:30,-08:00,2025-02-07T22:03:30-08:00,0,14
projects/projects.js,59,js,f880f149,Linus Lee,2025-02-07,22:03:30,-08:00,2025-02-07T22:03:30-08:00,0,23
projects/projects.js,60,js,f880f149,Linus Lee,2025-02-07,22:03:30,-08:00,2025-02-07T22:03:30-08:00,0,25
projects/projects.js,61,js,f880f149,Linus Lee,2025-02-07,22:03:30,-08:00,2025-02-07T22:03:30-08:00,0,52
projects/projects.js,62,js,f880f149,Linus Lee,2025-02-07,22:03:30,-08:00,2025-02-07T22:03:30-08:00,0,19
projects/projects.js,63,js,f880f149,Linus Lee,2025-02-07,22:03:30,-08:00,2025-02-07T22:03:30-08:00,0,26
projects/projects.js,64,js,f880f149,Linus Lee,2025-02-07,22:03:30,-08:00,2025-02-07T22:03:30-08:00,0,0
projects/projects.js,65,js,f880f149,Linus Lee,2025-02-07,22:03:30,-08:00,2025-02-07T22:03:30-08:00,0,25
projects/projects.js,66,js,f880f149,Linus Lee,2025-02-07,22:03:30,-08:00,2025-02-07T22:03:30-08:00,0,17
projects/projects.js,67,js,f880f149,Linus Lee,2025-02-07,22:03:30,-08:00,2025-02-07T22:03:30-08:00,0,18
projects/projects.js,68,js,f880f149,Linus Lee,2025-02-07,22:03:30,-08:00,2025-02-07T22:03:30-08:00,0,50
projects/projects.js,69,js,f880f149,Linus Lee,2025-02-07,22:03:30,-08:00,2025-02-07T22:03:30-08:00,0,57
projects/projects.js,70,js,f880f149,Linus Lee,2025-02-07,22:03:30,-08:00,2025-02-07T22:03:30-08:00,0,0
projects/projects.js,71,js,f880f149,Linus Lee,2025-02-07,22:03:30,-08:00,2025-02-07T22:03:30-08:00,0,19
projects/projects.js,72,js,00000000,Not Committed Yet,2025-02-14,20:59:50,-08:00,2025-02-14T20:59:50-08:00,0,32
projects/projects.js,73,js,f880f149,Linus Lee,2025-02-07,22:03:30,-08:00,2025-02-07T22:03:30-08:00,0,28
projects/projects.js,74,js,f880f149,Linus Lee,2025-02-07,22:03:30,-08:00,2025-02-07T22:03:30-08:00,0,49
projects/projects.js,75,js,f880f149,Linus Lee,2025-02-07,22:03:30,-08:00,2025-02-07T22:03:30-08:00,0,38
projects/projects.js,76,js,f880f149,Linus Lee,2025-02-07,22:03:30,-08:00,2025-02-07T22:03:30-08:00,0,38
projects/projects.js,77,js,f880f149,Linus Lee,2025-02-07,22:03:30,-08:00,2025-02-07T22:03:30-08:00,0,2
projects/projects.js,78,js,f880f149,Linus Lee,2025-02-07,22:03:30,-08:00,2025-02-07T22:03:30-08:00,0,7
projects/projects.js,79,js,f880f149,Linus Lee,2025-02-07,22:03:30,-08:00,2025-02-07T22:03:30-08:00,0,15
projects/projects.js,80,js,f880f149,Linus Lee,2025-02-07,22:03:30,-08:00,2025-02-07T22:03:30-08:00,0,17
projects/projects.js,81,js,f880f149,Linus Lee,2025-02-07,22:03:30,-08:00,2025-02-07T22:03:30-08:00,0,62
projects/projects.js,82,js,f880f149,Linus Lee,2025-02-07,22:03:30,-08:00,2025-02-07T22:03:30-08:00,0,50
projects/projects.js,83,js,f880f149,Linus Lee,2025-02-07,22:03:30,-08:00,2025-02-07T22:03:30-08:00,0,65
projects/projects.js,84,js,f880f149,Linus Lee,2025-02-07,22:03:30,-08:00,2025-02-07T22:03:30-08:00,0,0
projects/projects.js,85,js,f880f149,Linus Lee,2025-02-07,22:03:30,-08:00,2025-02-07T22:03:30-08:00,0,25
projects/projects.js,86,js,f880f149,Linus Lee,2025-02-07,22:03:30,-08:00,2025-02-07T22:03:30-08:00,0,32
projects/projects.js,87,js,f880f149,Linus Lee,2025-02-07,22:03:30,-08:00,2025-02-07T22:03:30-08:00,0,36
projects/projects.js,88,js,f880f149,Linus Lee,2025-02-07,22:03:30,-08:00,2025-02-07T22:03:30-08:00,0,49
projects/projects.js,89,js,f880f149,Linus Lee,2025-02-07,22:03:30,-08:00,2025-02-07T22:03:30-08:00,0,38
projects/projects.js,90,js,f880f149,Linus Lee,2025-02-07,22:03:30,-08:00,2025-02-07T22:03:30-08:00,0,38
projects/projects.js,91,js,f880f149,Linus Lee,2025-02-07,22:03:30,-08:00,2025-02-07T22:03:30-08:00,0,2
projects/projects.js,92,js,f880f149,Linus Lee,2025-02-07,22:03:30,-08:00,2025-02-07T22:03:30-08:00,0,0
projects/projects.js,93,js,f880f149,Linus Lee,2025-02-07,22:03:30,-08:00,2025-02-07T22:03:30-08:00,0,0
projects/projects.js,94,js,f880f149,Linus Lee,2025-02-07,22:03:30,-08:00,2025-02-07T22:03:30-08:00,0,22
projects/projects.js,95,js,f880f149,Linus Lee,2025-02-07,22:03:30,-08:00,2025-02-07T22:03:30-08:00,0,20
projects/projects.js,96,js,f880f149,Linus Lee,2025-02-07,22:03:30,-08:00,2025-02-07T22:03:30-08:00,0,25
projects/projects.js,97,js,f880f149,Linus Lee,2025-02-07,22:03:30,-08:00,2025-02-07T22:03:30-08:00,0,38
projects/projects.js,98,js,f880f149,Linus Lee,2025-02-07,22:03:30,-08:00,2025-02-07T22:03:30-08:00,0,1
projects/projects.js,99,js,f880f149,Linus Lee,2025-02-07,22:03:30,-08:00,2025-02-07T22:03:30-08:00,0,0
projects/projects.js,100,js,f880f149,Linus Lee,2025-02-07,22:03:30,-08:00,2025-02-07T22:03:30-08:00,0,23
projects/projects.js,101,js,f880f149,Linus Lee,2025-02-07,22:03:30,-08:00,2025-02-07T22:03:30-08:00,0,19
projects/projects.js,102,js,f880f149,Linus Lee,2025-02-07,22:03:30,-08:00,2025-02-07T22:03:30-08:00,0,15
projects/projects.js,103,js,f880f149,Linus Lee,2025-02-07,22:03:30,-08:00,2025-02-07T22:03:30-08:00,0,25
projects/projects.js,104,js,f880f149,Linus Lee,2025-02-07,22:03:30,-08:00,2025-02-07T22:03:30-08:00,0,61
projects/projects.js,105,js,f880f149,Linus Lee,2025-02-07,22:03:30,-08:00,2025-02-07T22:03:30-08:00,0,1
projects/projects.js,106,js,f880f149,Linus Lee,2025-02-07,22:03:30,-08:00,2025-02-07T22:03:30-08:00,0,2
projects/projects.js,107,js,f880f149,Linus Lee,2025-02-07,22:03:30,-08:00,2025-02-07T22:03:30-08:00,0,2
projects/projects.js,108,js,f880f149,Linus Lee,2025-02-07,22:03:30,-08:00,2025-02-07T22:03:30-08:00,0,0
projects/projects.js,109,js,f880f149,Linus Lee,2025-02-07,22:03:30,-08:00,2025-02-07T22:03:30-08:00,0,33
projects/projects.js,110,js,f880f149,Linus Lee,2025-02-07,22:03:30,-08:00,2025-02-07T22:03:30-08:00,0,25
projects/projects.js,111,js,f880f149,Linus Lee,2025-02-07,22:03:30,-08:00,2025-02-07T22:03:30-08:00,0,18
projects/projects.js,112,js,f880f149,Linus Lee,2025-02-07,22:03:30,-08:00,2025-02-07T22:03:30-08:00,0,39
projects/projects.js,113,js,f880f149,Linus Lee,2025-02-07,22:03:30,-08:00,2025-02-07T22:03:30-08:00,0,71
projects/projects.js,114,js,f880f149,Linus Lee,2025-02-07,22:03:30,-08:00,2025-02-07T22:03:30-08:00,0,70
projects/projects.js,115,js,f880f149,Linus Lee,2025-02-07,22:03:30,-08:00,2025-02-07T22:03:30-08:00,0,2
projects/projects.js,116,js,f880f149,Linus Lee,2025-02-07,22:03:30,-08:00,2025-02-07T22:03:30-08:00,0,0
projects/projects.js,117,js,f880f149,Linus Lee,2025-02-07,22:03:30,-08:00,2025-02-07T22:03:30-08:00,0,0
projects/projects.js,118,js,f880f149,Linus Lee,2025-02-07,22:03:30,-08:00,2025-02-07T22:03:30-08:00,0,0
projects/projects.js,119,js,f880f149,Linus Lee,2025-02-07,22:03:30,-08:00,2025-02-07T22:03:30-08:00,0,38
projects/projects.js,120,js,f880f149,Linus Lee,2025-02-07,22:03:30,-08:00,2025-02-07T22:03:30-08:00,0,53
projects/projects.js,121,js,f880f149,Linus Lee,2025-02-07,22:03:30,-08:00,2025-02-07T22:03:30-08:00,0,50
projects/projects.js,122,js,f880f149,Linus Lee,2025-02-07,22:03:30,-08:00,2025-02-07T22:03:30-08:00,0,65
projects/projects.js,123,js,f880f149,Linus Lee,2025-02-07,22:03:30,-08:00,2025-02-07T22:03:30-08:00,0,0
projects/projects.js,124,js,f880f149,Linus Lee,2025-02-07,22:03:30,-08:00,2025-02-07T22:03:30-08:00,0,32
projects/projects.js,125,js,f880f149,Linus Lee,2025-02-07,22:03:30,-08:00,2025-02-07T22:03:30-08:00,0,36
projects/projects.js,126,js,f880f149,Linus Lee,2025-02-07,22:03:30,-08:00,2025-02-07T22:03:30-08:00,0,49
projects/projects.js,127,js,f880f149,Linus Lee,2025-02-07,22:03:30,-08:00,2025-02-07T22:03:30-08:00,0,38
projects/projects.js,128,js,f880f149,Linus Lee,2025-02-07,22:03:30,-08:00,2025-02-07T22:03:30-08:00,0,38
projects/projects.js,129,js,f880f149,Linus Lee,2025-02-07,22:03:30,-08:00,2025-02-07T22:03:30-08:00,0,2
projects/projects.js,130,js,f880f149,Linus Lee,2025-02-07,22:03:30,-08:00,2025-02-07T22:03:30-08:00,0,0
projects/projects.js,131,js,f880f149,Linus Lee,2025-02-07,22:03:30,-08:00,2025-02-07T22:03:30-08:00,0,32
projects/projects.js,132,js,f880f149,Linus Lee,2025-02-07,22:03:30,-08:00,2025-02-07T22:03:30-08:00,0,7
projects/projects.js,133,js,f880f149,Linus Lee,2025-02-07,22:03:30,-08:00,2025-02-07T22:03:30-08:00,0,61
projects/projects.js,134,js,f880f149,Linus Lee,2025-02-07,22:03:30,-08:00,2025-02-07T22:03:30-08:00,0,43
projects/projects.js,135,js,f880f149,Linus Lee,2025-02-07,22:03:30,-08:00,2025-02-07T22:03:30-08:00,0,45
projects/projects.js,136,js,f880f149,Linus Lee,2025-02-07,22:03:30,-08:00,2025-02-07T22:03:30-08:00,0,0
projects/projects.js,137,js,f880f149,Linus Lee,2025-02-07,22:03:30,-08:00,2025-02-07T22:03:30-08:00,0,0
projects/projects.js,138,js,f880f149,Linus Lee,2025-02-07,22:03:30,-08:00,2025-02-07T22:03:30-08:00,0,0
projects/projects.js,139,js,f880f149,Linus Lee,2025-02-07,22:03:30,-08:00,2025-02-07T22:03:30-08:00,0,0
projects/projects.js,140,js,f880f149,Linus Lee,2025-02-07,22:03:30,-08:00,2025-02-07T22:03:30-08:00,0,20
projects/projects.js,141,js,f880f149,Linus Lee,2025-02-07,22:03:30,-08:00,2025-02-07T22:03:30-08:00,0,0
projects/projects.js,142,js,f880f149,Linus Lee,2025-02-07,22:03:30,-08:00,2025-02-07T22:03:30-08:00,0,0
projects/projects.js,143,js,f880f149,Linus Lee,2025-02-07,22:03:30,-08:00,2025-02-07T22:03:30-08:00,0,49
projects/projects.js,144,js,f880f149,Linus Lee,2025-02-07,22:03:30,-08:00,2025-02-07T22:03:30-08:00,0,26
projects/projects.js,145,js,f880f149,Linus Lee,2025-02-07,22:03:30,-08:00,2025-02-07T22:03:30-08:00,0,50
projects/projects.js,146,js,f880f149,Linus Lee,2025-02-07,22:03:30,-08:00,2025-02-07T22:03:30-08:00,0,60
projects/projects.js,147,js,f880f149,Linus Lee,2025-02-07,22:03:30,-08:00,2025-02-07T22:03:30-08:00,0,43
projects/projects.js,148,js,f880f149,Linus Lee,2025-02-07,22:03:30,-08:00,2025-02-07T22:03:30-08:00,0,2
projects/projects.js,149,js,f880f149,Linus Lee,2025-02-07,22:03:30,-08:00,2025-02-07T22:03:30-08:00,0,28
projects/projects.js,150,js,f880f149,Linus Lee,2025-02-07,22:03:30,-08:00,2025-02-07T22:03:30-08:00,0,2
projects/index.html,1,html,52f95898,Linus Lee,2025-01-10,20:40:58,-08:00,2025-01-10T20:40:58-08:00,0,14
projects/index.html,2,html,52f95898,Linus Lee,2025-01-10,20:40:58,-08:00,2025-01-10T20:40:58-08:00,0,15
projects/index.html,3,html,52f95898,Linus Lee,2025-01-10,20:40:58,-08:00,2025-01-10T20:40:58-08:00,0,5
projects/index.html,4,html,52f95898,Linus Lee,2025-01-10,20:40:58,-08:00,2025-01-10T20:40:58-08:00,0,21
projects/index.html,5,html,52f95898,Linus Lee,2025-01-10,20:40:58,-08:00,2025-01-10T20:40:58-08:00,0,69
projects/index.html,6,html,52f95898,Linus Lee,2025-01-10,20:40:58,-08:00,2025-01-10T20:40:58-08:00,0,22
projects/index.html,7,html,42936c5c,Linus Lee,2025-01-25,20:12:02,-08:00,2025-01-25T20:12:02-08:00,0,42
projects/index.html,8,html,52f95898,Linus Lee,2025-01-10,20:40:58,-08:00,2025-01-10T20:40:58-08:00,0,6
projects/index.html,9,html,bffab379,Linus Lee,2025-01-17,11:49:28,-08:00,2025-01-17T11:49:28-08:00,0,46
projects/index.html,10,html,2467ac57,Linus Lee,2025-02-01,14:46:38,-08:00,2025-02-01T14:46:38-08:00,0,44
projects/index.html,11,html,f880f149,Linus Lee,2025-02-07,22:03:30,-08:00,2025-02-07T22:03:30-08:00,0,0
projects/index.html,12,html,f880f149,Linus Lee,2025-02-07,22:03:30,-08:00,2025-02-07T22:03:30-08:00,0,19
projects/index.html,13,html,f880f149,Linus Lee,2025-02-07,22:03:30,-08:00,2025-02-07T22:03:30-08:00,0,59
projects/index.html,14,html,f880f149,Linus Lee,2025-02-07,22:03:30,-08:00,2025-02-07T22:03:30-08:00,0,23
projects/index.html,15,html,f880f149,Linus Lee,2025-02-07,22:03:30,-08:00,2025-02-07T22:03:30-08:00,0,5
projects/index.html,16,html,f880f149,Linus Lee,2025-02-07,22:03:30,-08:00,2025-02-07T22:03:30-08:00,0,0
projects/index.html,17,html,f880f149,Linus Lee,2025-02-07,22:03:30,-08:00,2025-02-07T22:03:30-08:00,0,5
projects/index.html,18,html,f880f149,Linus Lee,2025-02-07,22:03:30,-08:00,2025-02-07T22:03:30-08:00,0,16
projects/index.html,19,html,f880f149,Linus Lee,2025-02-07,22:03:30,-08:00,2025-02-07T22:03:30-08:00,0,12
projects/index.html,20,html,f880f149,Linus Lee,2025-02-07,22:03:30,-08:00,2025-02-07T22:03:30-08:00,0,27
projects/index.html,21,html,f880f149,Linus Lee,2025-02-07,22:03:30,-08:00,2025-02-07T22:03:30-08:00,0,32
projects/index.html,22,html,f880f149,Linus Lee,2025-02-07,22:03:30,-08:00,2025-02-07T22:03:30-08:00,0,1
projects/index.html,23,html,bffab379,Linus Lee,2025-01-17,11:49:28,-08:00,2025-01-17T11:49:28-08:00,0,21
projects/index.html,24,html,bffab379,Linus Lee,2025-01-17,11:49:28,-08:00,2025-01-17T11:49:28-08:00,0,5
projects/index.html,25,html,2467ac57,Linus Lee,2025-02-01,14:46:38,-08:00,2025-02-01T14:46:38-08:00,0,49
projects/index.html,26,html,2467ac57,Linus Lee,2025-02-01,14:46:38,-08:00,2025-02-01T14:46:38-08:00,0,48
projects/index.html,27,html,52f95898,Linus Lee,2025-01-10,20:40:58,-08:00,2025-01-10T20:40:58-08:00,0,6
projects/index.html,28,html,52f95898,Linus Lee,2025-01-10,20:40:58,-08:00,2025-01-10T20:40:58-08:00,0,6
contact/index.html,1,html,6946b2a8,Linus Lee,2025-01-10,20:46:57,-08:00,2025-01-10T20:46:57-08:00,0,14
contact/index.html,2,html,6946b2a8,Linus Lee,2025-01-10,20:46:57,-08:00,2025-01-10T20:46:57-08:00,0,15
contact/index.html,3,html,6946b2a8,Linus Lee,2025-01-10,20:46:57,-08:00,2025-01-10T20:46:57-08:00,0,5
contact/index.html,4,html,6946b2a8,Linus Lee,2025-01-10,20:46:57,-08:00,2025-01-10T20:46:57-08:00,0,21
contact/index.html,5,html,6946b2a8,Linus Lee,2025-01-10,20:46:57,-08:00,2025-01-10T20:46:57-08:00,0,69
contact/index.html,6,html,6946b2a8,Linus Lee,2025-01-10,20:46:57,-08:00,2025-01-10T20:46:57-08:00,0,21
contact/index.html,7,html,42936c5c,Linus Lee,2025-01-25,20:12:02,-08:00,2025-01-25T20:12:02-08:00,0,42
contact/index.html,8,html,42936c5c,Linus Lee,2025-01-25,20:12:02,-08:00,2025-01-25T20:12:02-08:00,0,49
contact/index.html,9,html,6946b2a8,Linus Lee,2025-01-10,20:46:57,-08:00,2025-01-10T20:46:57-08:00,0,6
contact/index.html,10,html,bffab379,Linus Lee,2025-01-17,11:49:28,-08:00,2025-01-17T11:49:28-08:00,0,46
contact/index.html,11,html,6946b2a8,Linus Lee,2025-01-10,20:46:57,-08:00,2025-01-10T20:46:57-08:00,0,30
contact/index.html,12,html,e8694279,Linus Lee,2025-01-10,22:01:03,-08:00,2025-01-10T22:01:03-08:00,0,15
contact/index.html,13,html,42936c5c,Linus Lee,2025-01-25,20:12:02,-08:00,2025-01-25T20:12:02-08:00,0,64
contact/index.html,14,html,e8694279,Linus Lee,2025-01-10,22:01:03,-08:00,2025-01-10T22:01:03-08:00,0,22
contact/index.html,15,html,e8694279,Linus Lee,2025-01-10,22:01:03,-08:00,2025-01-10T22:01:03-08:00,0,21
contact/index.html,16,html,bffab379,Linus Lee,2025-01-17,11:49:28,-08:00,2025-01-17T11:49:28-08:00,0,22
contact/index.html,17,html,e8694279,Linus Lee,2025-01-10,22:01:03,-08:00,2025-01-10T22:01:03-08:00,0,32
contact/index.html,18,html,bffab379,Linus Lee,2025-01-17,11:49:28,-08:00,2025-01-17T11:49:28-08:00,0,20
contact/index.html,19,html,e8694279,Linus Lee,2025-01-10,22:01:03,-08:00,2025-01-10T22:01:03-08:00,0,6
contact/index.html,20,html,6946b2a8,Linus Lee,2025-01-10,20:46:57,-08:00,2025-01-10T20:46:57-08:00,0,6
contact/index.html,21,html,6946b2a8,Linus Lee,2025-01-10,20:46:57,-08:00,2025-01-10T20:46:57-08:00,0,6
